date,open,high,low,close,volume,dividends,stock_splits,capital_gains,kd_k,kd_d,bias_5,bias_10,bias_20
2024-04-25,30.59000015258789,34.060001373291016,30.049999237060547,33.4900016784668,17032900,0.0,0.0,0.0,50.0,50.0,0.0,0.0,0.0
2024-04-26,34.47999954223633,38.06999969482422,34.09000015258789,37.58000183105469,20827300,0.0,0.0,0.0,50.0,50.0,5.75,5.75,5.75
2024-04-29,37.45000076293945,37.79999923706055,35.5099983215332,37.630001068115234,15148600,0.0,0.0,0.0,50.0,50.0,3.85,3.85,3.85
2024-04-30,37.13999938964844,38.4900016784668,36.35499954223633,36.43000030517578,11979100,0.0,0.0,0.0,50.0,50.0,0.41,0.41,0.41
2024-05-01,35.349998474121094,36.08000183105469,32.09000015258789,33.56999969482422,21703300,0.0,0.0,0.0,50.0,50.0,-6.07,-6.07,-6.07
2024-05-02,34.689998626708984,36.150001525878906,33.6510009765625,35.79999923706055,11314100,0.0,0.0,0.0,50.0,50.0,-1.11,0.14,0.14
2024-05-03,37.40999984741211,38.66999816894531,36.810001373291016,38.25,15142700,0.0,0.0,0.0,50.0,50.0,5.27,5.93,5.93
2024-05-06,38.75,41.20000076293945,38.5,41.15999984741211,14426200,0.0,0.0,0.0,50.0,50.0,11.12,12.03,12.03
2024-05-07,40.13999938964844,40.77999877929688,38.34000015258789,39.709999084472656,22687300,0.0,0.0,0.0,62.21,54.07,5.34,7.12,7.12
2024-05-08,38.75,40.2400016784668,38.70000076293945,39.540000915527344,15142500,0.0,0.0,0.0,68.73,58.96,1.67,5.96,5.96
2024-05-09,39.70000076293945,40.09999847412109,37.630001068115234,38.02000045776367,11534100,0.0,0.0,0.0,67.52,61.81,-3.35,0.66,1.71
2024-05-10,39.380001068115234,40.310001373291016,38.470001220703125,39.0,10012500,0.0,0.0,0.0,70.3,64.64,-1.23,2.87,3.96
2024-05-13,39.540000915527344,39.979000091552734,37.84999847412109,39.45000076293945,9971800,0.0,0.0,0.0,73.79,67.69,0.78,3.56,4.74
2024-05-14,38.7400016784668,40.52000045776367,38.18999862670898,40.27999877929688,9560700,0.0,0.0,0.0,78.47,71.28,2.6,4.68,6.42
2024-05-15,41.27000045776367,43.36000061035156,40.52999877929688,43.150001525878906,15960200,0.0,0.0,0.0,84.58,75.71,7.93,9.42,12.95
2024-05-16,43.34999847412109,44.20000076293945,42.625,42.81999969482422,10656500,0.0,0.0,0.0,82.72,78.05,4.59,6.68,11.24
2024-05-17,42.88999938964844,43.18999862670898,40.400001525878906,41.13999938964844,10595000,0.0,0.0,0.0,72.95,76.35,-0.55,1.76,6.45
2024-05-20,42.2599983215332,43.540000915527344,42.0,43.18999862670898,11550200,0.0,0.0,0.0,76.84,76.51,2.55,6.3,11.03
2024-05-21,42.060001373291016,43.70000076293945,41.68999862670898,43.66999816894531,10804400,0.0,0.0,0.0,81.87,78.3,2.05,6.44,11.54
2024-05-22,43.77999877929688,44.25,41.77000045776367,43.25,23452100,0.0,0.0,0.0,82.71,79.77,1.02,4.48,9.89
2024-05-23,49.68999862670898,53.560001373291016,49.209999084472656,51.2400016784668,37922600,0.0,0.0,0.0,83.55,81.03,15.15,19.95,27.32
2024-05-24,51.869998931884766,53.84000015258789,50.459999084472656,53.810001373291016,14070400,0.0,0.0,0.0,88.97,83.68,14.41,21.74,31.07
2024-05-28,57.720001220703125,62.375,57.29999923706055,61.43000030517578,28442000,0.0,0.0,0.0,91.21,86.19,21.21,32.4,45.41
2024-05-29,60.400001525878906,63.01900100708008,58.119998931884766,62.20000076293945,23543900,0.0,0.0,0.0,92.93,88.44,14.37,28.01,42.88
2024-05-30,62.09000015258789,63.323001861572266,56.66999816894531,57.52000045776367,24313800,0.0,0.0,0.0,86.85,87.91,0.49,14.98,28.59
2024-05-31,59.77999877929688,59.84000015258789,53.84999847412109,56.72999954223633,26673800,0.0,0.0,0.0,81.08,85.63,-2.76,10.33,23.92
2024-06-03,60.77999877929688,62.18899917602539,59.08000183105469,62.18000030517578,22369900,0.0,0.0,0.0,85.62,85.63,3.61,16.18,32.37
2024-06-04,62.93999862670898,63.869998931884766,61.130001068115234,63.65999984741211,18484700,0.0,0.0,0.0,90.1,87.12,5.3,14.56,32.35
2024-06-05,65.83999633789062,70.20999908447266,64.80999755859375,70.16999816894531,22942700,0.0,0.0,0.0,93.34,89.19,13.08,20.53,41.41
2024-06-06,72.13999938964844,73.79000091552734,65.54000091552734,68.5,39770100,0.0,0.0,0.0,88.0,88.79,6.62,12.77,34.13
2024-06-07,67.05000305175781,69.23999786376953,65.0,68.33000183105469,20579700,0.0,0.0,0.0,82.87,86.82,2.65,9.41,29.94
2024-06-10,67.77999877929688,70.80000305175781,64.0,69.29000091552734,18891200,0.0,0.0,0.0,81.06,84.9,1.91,8.26,28.08
2024-06-11,69.33000183105469,70.52999877929688,65.9000015258789,68.25,12590200,0.0,0.0,0.0,78.11,82.64,-0.95,5.51,22.88
2024-06-12,70.77999877929688,75.05000305175781,70.2300033569336,73.08000183105469,25500600,0.0,0.0,0.0,82.31,82.53,5.17,11.11,27.81
2024-06-13,78.02999877929688,78.44000244140625,75.42500305175781,78.02999877929688,17704400,0.0,0.0,0.0,87.5,84.19,9.29,15.05,32.42
2024-06-14,78.44000244140625,81.9800033569336,76.56999969482422,80.95999908447266,23116500,0.0,0.0,0.0,90.04,86.14,9.52,15.25,33.09
2024-06-17,82.11000061035156,83.05000305175781,78.0,79.87999725341797,21435400,0.0,0.0,0.0,87.81,86.69,5.05,10.92,27.26
2024-06-18,79.88999938964844,86.12899780273438,79.33000183105469,85.25,19540900,0.0,0.0,0.0,90.55,87.98,7.31,14.93,31.41
2024-06-20,90.3000030517578,91.6999969482422,77.56999969482422,79.22000122070312,37547800,0.0,0.0,0.0,78.68,84.88,-1.8,5.52,18.86
2024-06-21,74.6500015258789,78.9000015258789,71.20999908447266,74.48999786376953,26965100,0.0,0.0,0.0,65.08,78.28,-6.84,-1.57,9.21
2024-06-24,70.0199966430664,71.4000015258789,64.0,64.05999755859375,29354000,0.0,0.0,0.0,43.46,66.67,-16.35,-14.87,-6.96
2024-06-25,67.3550033569336,73.13999938964844,65.3499984741211,72.87000274658203,24927800,0.0,0.0,0.0,39.65,57.66,-3.07,-3.62,4.39
2024-06-26,72.70999908447266,74.95999908447266,68.6500015258789,73.02999877929688,24933600,0.0,0.0,0.0,37.3,50.87,0.41,-4.02,3.76
2024-06-27,70.30000305175781,72.88999938964844,68.9000015258789,70.13999938964844,12081200,0.0,0.0,0.0,32.25,44.67,-1.1,-7.46,-0.91
2024-06-28,70.80000305175781,74.30999755859375,68.76000213623047,69.55000305175781,17977800,0.0,0.0,0.0,28.18,39.17,-0.54,-7.2,-2.57
2024-07-01,69.41999816894531,71.0,64.25,70.30000305175781,16900000,0.0,0.0,0.0,26.37,34.9,-1.23,-4.84,-2.45
2024-07-02,67.0,69.37000274658203,66.79000091552734,68.5199966430664,14269500,0.0,0.0,0.0,23.02,30.94,-2.54,-5.81,-5.33
2024-07-03,67.41999816894531,74.69999694824219,67.06999969482422,74.68000030517578,19151700,0.0,0.0,0.0,39.24,33.71,5.72,4.18,2.4
2024-07-05,73.6500015258789,75.30999755859375,71.63999938964844,71.83999633789062,16061600,0.0,0.0,0.0,49.27,38.89,1.21,1.26,-1.61
2024-07-08,73.69999694824219,77.41999816894531,73.13999938964844,74.4800033569336,18849400,0.0,0.0,0.0,58.74,45.51,3.5,4.98,1.59
2024-07-09,76.97000122070312,80.9800033569336,75.0,78.20999908447266,22656400,0.0,0.0,0.0,66.97,52.66,6.34,8.08,5.97
2024-07-10,81.30999755859375,82.55000305175781,79.37000274658203,82.29000091552734,17885100,0.0,0.0,0.0,77.51,60.94,7.85,12.26,10.52
2024-07-11,83.66999816894531,83.80999755859375,72.68000030517578,73.16000366210938,33328900,0.0,0.0,0.0,66.86,62.91,-3.73,-0.21,-2.06
2024-07-12,73.98999786376953,78.22799682617188,72.80000305175781,75.2699966430664,17708700,0.0,0.0,0.0,63.35,63.06,-1.84,1.95,0.61
2024-07-15,77.0,77.58000183105469,72.7300033569336,74.19000244140625,14549800,0.0,0.0,0.0,56.73,60.95,-3.18,-0.14,-0.58
2024-07-16,74.0999984741211,74.80999755859375,69.70999908447266,71.7300033569336,13694300,0.0,0.0,0.0,47.1,56.33,-4.78,-3.64,-3.27
2024-07-17,65.94000244140625,66.62000274658203,60.83000183105469,62.13999938964844,27391100,0.0,0.0,0.0,33.3,48.65,-12.84,-15.8,-15.19
2024-07-18,66.37000274658203,66.85199737548828,60.70000076293945,65.58999633789062,22569600,0.0,0.0,0.0,29.25,42.19,-6.01,-10.02,-9.27
2024-07-19,64.62999725341797,65.9800033569336,61.40999984741211,62.06999969482422,15368300,0.0,0.0,0.0,21.48,35.28,-7.56,-13.69,-13.1
2024-07-22,64.73999786376953,68.43000030517578,64.05500030517578,68.08000183105469,21138400,0.0,0.0,0.0,24.96,31.84,3.27,-4.48,-4.26
2024-07-23,67.16000366210938,69.0999984741211,66.2699966430664,66.68000030517578,11593900,0.0,0.0,0.0,25.27,29.65,2.72,-4.91,-6.4
2024-07-24,63.0,63.84999847412109,57.0,57.84999847412109,22355200,0.0,0.0,0.0,18.18,25.83,-9.69,-14.52,-17.93
2024-07-25,56.400001525878906,60.0,49.63999938964844,55.70000076293945,36143900,0.0,0.0,0.0,19.35,23.67,-10.27,-15.52,-20.0
2024-07-26,59.459999084472656,59.459999084472656,54.88999938964844,56.400001525878906,15979300,0.0,0.0,0.0,21.85,23.06,-7.45,-11.93,-18.19
2024-07-29,56.84000015258789,59.5,54.61100006103516,54.83000183105469,14887000,0.0,0.0,0.0,23.46,23.19,-5.94,-11.72,-19.6
2024-07-30,54.790000915527344,55.25,46.0,47.09999847412109,33548200,0.0,0.0,0.0,17.23,21.21,-13.38,-21.03,-29.74
2024-07-31,55.400001525878906,60.34999847412109,53.56999969482422,59.34000015258789,31501600,0.0,0.0,0.0,30.73,24.38,8.53,-0.04,-10.88
2024-08-01,59.66999816894531,62.29999923706055,48.81999969482422,51.45000076293945,44179400,0.0,0.0,0.0,28.35,25.71,-4.41,-11.22,-21.35
2024-08-02,46.0,50.709999084472656,43.90999984741211,49.31999969482422,37862400,0.0,0.0,0.0,26.06,25.82,-5.89,-12.98,-23.29
2024-08-05,35.459999084472656,45.810001373291016,34.25,43.18999862670898,50910600,0.0,0.0,0.0,27.44,26.36,-13.76,-20.29,-31.15
2024-08-06,46.040000915527344,49.2400016784668,43.18999862670898,46.13999938964844,31726600,0.0,0.0,0.0,32.42,28.38,-7.51,-11.49,-24.52
2024-08-07,49.5099983215332,50.29999923706055,41.31999969482422,41.43000030517578,31077500,0.0,0.0,0.0,30.15,28.97,-10.53,-17.94,-29.88
2024-08-08,44.119998931884766,47.02799987792969,40.33000183105469,46.70000076293945,28220500,0.0,0.0,0.0,34.89,30.95,2.96,-5.83,-19.15
2024-08-09,47.09999847412109,47.97800064086914,45.16999816894531,46.2400016784668,19486000,0.0,0.0,0.0,37.51,33.13,3.35,-4.81,-17.88
2024-08-12,47.70000076293945,51.880001068115234,47.68999862670898,50.119998931884766,29152800,0.0,0.0,0.0,43.87,36.71,8.66,4.19,-9.05
2024-08-13,53.220001220703125,56.68999862670898,52.42100143432617,56.65999984741211,28191700,0.0,0.0,0.0,55.88,43.1,17.48,15.49,4.25
2024-08-14,58.880001068115234,59.02999877929688,54.58000183105469,58.41999816894531,30652700,0.0,0.0,0.0,69.76,51.99,13.16,19.3,7.85
2024-08-15,59.150001525878906,63.560001373291016,57.85599899291992,63.11000061035156,24518300,0.0,0.0,0.0,79.33,61.1,14.93,25.89,16.78
2024-08-16,62.0099983215332,65.2699966430664,61.31999969482422,64.75,23762600,0.0,0.0,0.0,85.53,69.24,10.47,25.3,19.52
2024-08-19,64.58000183105469,70.4000015258789,63.59999847412109,70.37000274658203,25724700,0.0,0.0,0.0,90.32,76.27,12.3,29.37,29.62
2024-08-20,68.69000244140625,70.23999786376953,65.91000366210938,67.37999725341797,25373600,0.0,0.0,0.0,90.2,80.91,3.97,19.22,24.03
2024-08-21,67.48999786376953,69.61000061035156,66.76000213623047,68.58000183105469,18451000,0.0,0.0,0.0,91.06,84.29,2.61,15.78,25.01
2024-08-22,70.37999725341797,71.09300231933594,62.90999984741211,63.65999984741211,27577300,0.0,0.0,0.0,83.45,84.01,-4.91,4.48,15.2
2024-08-23,65.69999694824219,69.5,65.06999969482422,69.19999694824219,22919100,0.0,0.0,0.0,85.59,84.54,2.01,9.45,23.79
2024-08-26,69.54000091552734,71.29000091552734,64.0,66.1500015258789,24476800,0.0,0.0,0.0,80.14,83.07,-1.26,2.04,17.15
2024-08-27,64.68000030517578,68.9800033569336,63.41999816894531,68.05999755859375,20347800,0.0,0.0,0.0,78.75,81.63,1.39,3.17,18.34
2024-08-28,67.7300033569336,68.0,62.06999969482422,65.16000366210938,37436800,0.0,0.0,0.0,65.34,76.2,-1.94,-2.22,12.72
2024-08-29,60.66999816894531,63.900001525878906,56.0,56.75,34097200,0.0,0.0,0.0,45.19,65.86,-12.78,-14.02,-2.27
2024-08-30,58.52999877929688,60.650001525878906,56.27999877929688,58.38999938964844,18943100,0.0,0.0,0.0,35.34,55.69,-7.17,-10.68,-0.23
2024-09-03,55.02999877929688,55.2400016784668,46.57099914550781,47.310001373291016,36971500,0.0,0.0,0.0,24.56,45.31,-20.0,-24.98,-19.44
2024-09-04,44.93000030517578,49.0099983215332,43.88999938964844,45.68999862670898,26926600,0.0,0.0,0.0,18.56,36.39,-16.41,-24.97,-22.17
2024-09-05,44.619998931884766,48.59799957275391,44.400001525878906,46.470001220703125,23434800,0.0,0.0,0.0,15.51,29.43,-8.74,-20.81,-21.18
2024-09-06,47.20000076293945,47.27000045776367,41.08000183105469,42.709999084472656,28085900,0.0,0.0,0.0,12.14,23.67,-11.23,-24.53,-27.31
2024-09-09,44.310001373291016,45.7400016784668,43.36000061035156,45.68000030517578,16877600,0.0,0.0,0.0,13.59,20.31,0.24,-15.78,-22.22
2024-09-10,46.959999084472656,48.209999084472656,44.369998931884766,47.0,19059400,0.0,0.0,0.0,16.39,19.0,3.27,-10.17,-19.76
2024-09-11,48.16999816894531,54.869998931884766,46.45000076293945,54.59999847412109,37287400,0.0,0.0,0.0,30.68,22.89,15.45,7.11,-6.62
2024-09-12,54.68999862670898,58.2400016784668,53.20000076293945,56.77000045776367,33973900,0.0,0.0,0.0,47.17,30.99,15.03,13.23,-2.77
2024-09-13,56.52000045776367,57.43000030517578,55.18000030517578,56.58000183105469,17106500,0.0,0.0,0.0,61.56,41.18,8.54,12.89,-2.55
2024-09-16,54.36000061035156,55.720001220703125,52.040000915527344,54.31999969482422,15597800,0.0,0.0,0.0,66.76,49.7,0.87,9.27,-5.6
2024-09-17,55.70000076293945,56.25,52.54999923706055,53.2400016784668,15062100,0.0,0.0,0.0,68.13,55.84,-3.38,5.83,-6.08
2024-09-18,53.4900016784668,55.18000030517578,51.06999969482422,51.16999816894531,20571700,0.0,0.0,0.0,65.02,58.9,-5.97,0.62,-8.42
2024-09-19,54.75,56.85699844360352,54.630001068115234,55.310001373291016,18993100,0.0,0.0,0.0,70.11,62.64,2.19,6.9,0.18
2024-09-20,54.36000061035156,55.84600067138672,52.84999847412109,53.5,15208000,0.0,0.0,0.0,68.68,64.65,-0.01,1.29,-2.2
2024-09-23,53.88999938964844,54.310001373291016,52.369998931884766,53.63999938964844,13801600,0.0,0.0,0.0,66.12,65.14,0.5,0.05,-0.53
2024-09-24,53.709999084472656,58.68999862670898,52.79999923706055,57.869998931884766,25588400,0.0,0.0,0.0,73.82,68.04,6.58,5.8,8.15
2024-09-25,58.95000076293945,61.709999084472656,58.54999923706055,60.369998931884766,24560100,0.0,0.0,0.0,78.35,71.48,7.54,9.21,13.63
2024-09-26,63.5099983215332,64.3759994506836,58.63999938964844,60.790000915527344,28178700,0.0,0.0,0.0,76.58,73.18,6.21,9.18,14.9
2024-09-27,60.630001068115234,60.70000076293945,56.119998931884766,58.130001068115234,20727800,0.0,0.0,0.0,68.74,71.7,-0.05,4.11,9.73
2024-09-30,55.16999816894531,58.22100067138672,55.04999923706055,58.18999862670898,14053400,0.0,0.0,0.0,63.66,69.02,-1.49,3.5,9.86
2024-10-01,58.540000915527344,59.10200119018555,52.77999877929688,53.880001068115234,18730500,0.0,0.0,0.0,46.64,61.56,-7.54,-4.27,1.1
2024-10-02,53.34000015258789,56.08000183105469,52.20000076293945,55.58000183105469,14757600,0.0,0.0,0.0,40.34,54.49,-3.03,-2.02,3.33
2024-10-03,57.5099983215332,60.757999420166016,56.97999954223633,59.290000915527344,20539300,0.0,0.0,0.0,46.31,51.76,3.99,3.79,8.93
2024-10-04,61.27000045776367,61.36000061035156,58.34000015258789,61.220001220703125,17541100,0.0,0.0,0.0,55.56,53.03,6.23,5.74,10.59
2024-10-07,61.290000915527344,66.80500030517578,61.290000915527344,63.9900016784668,27318400,0.0,0.0,0.0,63.95,56.67,8.84,8.58,13.72
2024-10-08,66.5999984741211,69.73999786376953,65.66999816894531,69.1500015258789,23104800,0.0,0.0,0.0,74.85,62.73,11.81,15.14,20.51
2024-10-09,70.45999908447266,70.81999969482422,67.52999877929688,68.80000305175781,19271200,0.0,0.0,0.0,79.61,68.36,6.68,12.97,18.44
2024-10-10,68.04000091552734,71.27999877929688,67.44000244140625,71.04000091552734,19461400,0.0,0.0,0.0,85.99,74.23,6.28,14.72,20.81
2024-10-11,70.12000274658203,72.0,69.7699966430664,70.94000244140625,13580200,0.0,0.0,0.0,88.88,79.12,3.13,12.23,19.18
2024-10-14,72.5999984741211,76.0,72.52999877929688,74.5,17163700,0.0,0.0,0.0,90.48,82.9,5.1,14.9,23.08
2024-10-15,74.11000061035156,74.90499877929688,64.30000305175781,67.43000030517578,29072300,0.0,0.0,0.0,78.64,81.48,-4.41,1.87,10.11
2024-10-16,69.80000305175781,72.5,67.37000274658203,71.55999755859375,18906800,0.0,0.0,0.0,77.38,80.11,0.66,5.56,14.94
2024-10-17,75.3499984741211,76.96399688720703,72.7300033569336,72.83000183105469,23446200,0.0,0.0,0.0,76.13,78.78,1.93,5.33,15.36
2024-10-18,74.69000244140625,74.7699966430664,73.13999938964844,73.86000061035156,12099700,0.0,0.0,0.0,75.91,77.83,2.53,4.9,15.13
2024-10-21,74.04000091552734,79.94999694824219,73.91000366210938,79.94999694824219,25528700,0.0,0.0,0.0,83.94,79.87,9.33,11.03,22.12
2024-10-22,79.13999938964844,80.73999786376953,77.81999969482422,79.80000305175781,16841300,0.0,0.0,0.0,87.39,82.37,5.56,9.21,19.88
2024-10-23,78.05000305175781,78.5,72.98999786376953,75.31999969482422,24121000,0.0,0.0,0.0,80.6,81.78,-1.35,2.17,11.9
2024-10-24,76.68000030517578,77.19999694824219,74.11000061035156,76.1500015258789,13314400,0.0,0.0,0.0,77.76,80.44,-1.12,2.58,11.85
2024-10-25,76.71499633789062,80.13999938964844,76.55000305175781,77.29000091552734,21432100,0.0,0.0,0.0,78.18,79.69,-0.53,3.23,11.95
2024-10-28,78.97000122070312,79.05999755859375,75.69999694824219,76.2699966430664,13342600,0.0,0.0,0.0,74.31,77.9,-0.9,1.63,9.05
2024-10-29,75.93000030517578,78.04000091552734,74.41000366210938,77.02999877929688,13121900,0.0,0.0,0.0,67.43,74.41,0.81,1.35,8.34
2024-10-30,75.0,75.91000366210938,72.12000274658203,74.97000122070312,13971800,0.0,0.0,0.0,55.98,68.26,-1.8,-1.8,4.02
2024-10-31,72.94999694824219,72.94999694824219,67.06999969482422,67.76000213623047,21478600,0.0,0.0,0.0,39.0,58.51,-9.25,-10.65,-6.53
2024-11-01,69.68000030517578,72.33000183105469,69.54000091552734,70.37999725341797,14293500,0.0,0.0,0.0,34.07,50.36,-3.96,-6.77,-3.52
2024-11-04,72.30000305175781,74.05899810791016,70.54000091552734,71.08000183105469,14561200,0.0,0.0,0.0,32.94,44.56,-1.61,-4.72,-3.04
2024-11-05,72.55000305175781,75.55000305175781,72.38999938964844,74.97000122070312,12134600,0.0,0.0,0.0,42.11,43.74,4.37,1.14,1.87
2024-11-06,78.38999938964844,82.05999755859375,77.22000122070312,81.02999877929688,19500400,0.0,0.0,0.0,59.12,48.87,10.93,8.48,9.19
2024-11-07,81.9800033569336,84.75,81.73999786376953,84.69000244140625,14355700,0.0,0.0,0.0,72.63,56.79,10.81,12.1,13.09
2024-11-08,84.5,85.6500015258789,81.63999938964844,83.19000244140625,14788400,0.0,0.0,0.0,77.34,63.64,5.31,9.26,10.18
2024-11-11,84.4000015258789,84.41000366210938,78.66000366210938,80.58000183105469,15069300,0.0,0.0,0.0,75.8,67.69,-0.39,5.24,6.3
2024-11-12,82.19000244140625,85.33999633789062,81.36000061035156,83.91000366210938,16919400,0.0,0.0,0.0,80.74,72.04,1.49,8.61,9.5
2024-11-13,84.69999694824219,85.01000213623047,81.16000366210938,81.76000213623047,12734000,0.0,0.0,0.0,79.11,74.4,-1.29,4.91,5.99
2024-11-14,83.01000213623047,84.55999755859375,80.72000122070312,82.11000061035156,12517300,0.0,0.0,0.0,78.27,75.69,-0.24,3.45,5.81
2024-11-15,80.0,80.26000213623047,74.57099914550781,76.68000030517578,17947700,0.0,0.0,0.0,62.96,71.45,-5.34,-4.15,-1.37
2024-11-18,73.95999908447266,76.1500015258789,71.41000366210938,74.68000030517578,15844300,0.0,0.0,0.0,49.63,64.17,-6.45,-7.07,-3.62
2024-11-19,75.80999755859375,82.02999877929688,75.5,81.9000015258789,15845600,0.0,0.0,0.0,57.64,62.0,3.11,1.04,5.56
2024-11-20,82.37000274658203,82.37000274658203,77.13999938964844,80.58000183105469,25073600,0.0,0.0,0.0,59.89,61.3,1.76,-0.53,3.51
2024-11-21,84.31999969482422,88.30999755859375,74.88500213623047,81.41999816894531,37828400,0.0,0.0,0.0,59.67,60.75,3.0,0.92,4.23
2024-11-22,80.54000091552734,81.9000015258789,75.20999908447266,76.08999633789062,19082700,0.0,0.0,0.0,49.01,56.84,-3.6,-4.85,-2.52
2024-11-25,76.08999633789062,76.19999694824219,69.55999755859375,69.69000244140625,22144200,0.0,0.0,0.0,32.91,48.86,-10.58,-11.65,-10.34
2024-11-26,71.41999816894531,73.06999969482422,69.3499984741211,70.62000274658203,10999900,0.0,0.0,0.0,24.17,40.63,-6.69,-8.94,-8.76
2024-11-27,68.62999725341797,68.98699951171875,65.44000244140625,68.9800033569336,17878800,0.0,0.0,0.0,21.27,34.18,-5.97,-9.56,-10.54
2024-11-29,70.33999633789062,72.95999908447266,69.58000183105469,71.88999938964844,10322000,0.0,0.0,0.0,23.58,30.65,0.61,-4.47,-7.01
2024-12-02,72.3499984741211,74.12000274658203,71.37000274658203,72.16000366210938,12190500,0.0,0.0,0.0,25.52,28.94,2.11,-3.53,-6.77
2024-12-03,71.83000183105469,74.16999816894531,71.47000122070312,73.80000305175781,8997900,0.0,0.0,0.0,29.2,29.02,3.23,-1.22,-4.82
2024-12-04,75.7300033569336,79.6449966430664,73.87999725341797,78.91999816894531,16164100,0.0,0.0,0.0,39.11,32.39,7.89,6.05,1.53
2024-12-05,78.91999816894531,80.4800033569336,77.6760025024414,78.7699966430664,10517900,0.0,0.0,0.0,53.07,39.28,4.88,6.11,1.48
2024-12-06,78.27999877929688,79.4800033569336,74.7300033569336,75.94000244140625,12423100,0.0,0.0,0.0,58.65,45.74,0.03,3.06,-1.61
2024-12-09,72.22000122070312,73.26799774169922,70.30000305175781,72.08000183105469,14005800,0.0,0.0,0.0,53.82,48.43,-5.04,-1.64,-5.94
2024-12-10,72.19999694824219,75.1240005493164,66.87000274658203,68.16000366210938,15172000,0.0,0.0,0.0,41.91,46.26,-8.85,-6.8,-10.32
2024-12-11,70.44999694824219,73.23999786376953,68.29000091552734,72.36000061035156,13563900,0.0,0.0,0.0,41.38,44.63,-1.5,-1.29,-4.07
2024-12-12,70.13999938964844,71.41999816894531,68.72000122070312,70.29000091552734,10900700,0.0,0.0,0.0,35.97,41.74,-2.06,-4.29,-6.1
2024-12-13,71.87000274658203,72.55000305175781,65.3499984741211,67.05999755859375,19462300,0.0,0.0,0.0,27.74,37.08,-4.19,-8.08,-9.5
2024-12-16,66.95999908447266,67.18000030517578,63.25,64.83000183105469,20405500,0.0,0.0,0.0,21.55,31.9,-5.41,-10.23,-11.81
2024-12-17,61.95000076293945,64.37999725341797,59.77000045776367,63.18999862670898,22908500,0.0,0.0,0.0,19.87,27.89,-6.45,-11.2,-13.36
2024-12-18,66.56999969482422,69.30000305175781,61.150001525878906,61.68999862670898,29950000,0.0,0.0,0.0,16.5,24.09,-5.69,-11.16,-14.23
2024-12-19,64.32499694824219,66.62999725341797,62.34000015258789,63.369998931884766,19082700,0.0,0.0,0.0,18.81,22.33,-1.03,-6.67,-10.83
2024-12-20,62.52999877929688,67.80000305175781,60.93999862670898,67.4800033569336,21872800,0.0,0.0,0.0,29.28,24.65,5.25,0.64,-4.1
2024-12-23,68.81999969482422,72.18000030517578,67.63999938964844,72.12000274658203,18138300,0.0,0.0,0.0,50.08,33.13,9.99,7.55,2.78
2024-12-24,72.48999786376953,74.43000030517578,71.0999984741211,72.69000244140625,11191200,0.0,0.0,0.0,62.76,43.01,7.74,7.68,3.37
2024-12-26,72.05000305175781,73.30000305175781,70.072998046875,72.29000091552734,9995300,0.0,0.0,0.0,70.31,52.11,3.88,7.09,2.68
2024-12-27,70.83999633789062,71.31500244140625,66.9000015258789,69.37000274658203,13243400,0.0,0.0,0.0,68.7,57.64,-2.01,2.91,-1.5
2024-12-30,67.04000091552734,72.5199966430664,66.25,69.62999725341797,13939500,0.0,0.0,0.0,68.22,61.17,-2.23,2.9,-0.97
2024-12-31,70.13999938964844,70.27899932861328,65.95999908447266,66.38999938964844,11889400,0.0,0.0,0.0,58.95,60.43,-5.26,-2.11,-5.19
2025-01-02,68.01000213623047,70.9000015258789,66.72100067138672,70.30000305175781,14046700,0.0,0.0,0.0,62.43,61.09,1.01,2.58,0.65
2025-01-03,71.9800033569336,76.9749984741211,71.80000305175781,76.68000030517578,18369800,0.0,0.0,0.0,74.34,65.51,8.81,9.49,9.96
2025-01-06,80.8499984741211,84.6500015258789,80.05000305175781,81.83999633789062,20351400,0.0,0.0,0.0,77.88,69.63,12.16,13.86,17.1
2025-01-07,85.68000030517578,85.81999969482422,71.44000244140625,71.70999908447266,32232700,0.0,0.0,0.0,61.57,66.95,-2.28,-0.82,2.92
2025-01-08,74.08999633789062,75.45999908447266,69.2699966430664,71.54000091552734,18547300,0.0,0.0,0.0,50.41,61.43,-3.86,-0.97,2.71
2025-01-10,68.72000122070312,68.91000366210938,65.44999694824219,67.16000366210938,16281400,0.0,0.0,0.0,36.41,53.09,-8.98,-6.32,-3.51
2025-01-13,61.290000915527344,64.69999694824219,60.84999847412109,64.5199966430664,17512500,0.0,0.0,0.0,29.17,45.12,-9.58,-9.02,-6.77
2025-01-14,67.18000030517578,67.5,61.38999938964844,63.11000061035156,17469100,0.0,0.0,0.0,22.46,37.57,-6.65,-10.21,-8.33
2025-01-15,64.88999938964844,67.43000030517578,62.59000015258789,67.22000122070312,13666800,0.0,0.0,0.0,23.48,32.87,0.76,-4.04,-2.38
2025-01-16,69.59500122070312,69.66999816894531,64.55000305175781,64.5999984741211,14351000,0.0,0.0,0.0,20.66,28.8,-1.11,-7.54,-6.17
2025-01-17,67.41999816894531,69.2959976196289,66.38500213623047,68.58000183105469,12308400,0.0,0.0,0.0,24.09,27.23,4.53,-1.6,-0.77
2025-01-21,69.98999786376953,72.5999984741211,67.9000015258789,71.58000183105469,13298800,0.0,0.0,0.0,30.39,28.28,6.81,3.46,2.83
2025-01-22,75.5199966430664,78.63999938964844,74.54000091552734,77.87000274658203,17503100,0.0,0.0,0.0,52.15,36.24,11.29,13.2,10.71
2025-01-23,75.69000244140625,78.0,74.33999633789062,77.95999908447266,10330100,0.0,0.0,0.0,66.82,46.43,8.1,12.31,10.02
2025-01-24,79.16999816894531,79.81700134277344,72.33999633789062,73.11000061035156,16422400,0.0,0.0,0.0,66.1,52.99,-0.96,5.09,3.11
2025-01-27,54.91999816894531,58.54999923706055,46.59000015258789,48.40999984741211,91940300,0.0,0.0,0.0,45.89,50.62,-30.63,-28.49,-30.54
2025-01-28,51.040000915527344,56.880001068115234,46.54999923706055,56.880001068115234,53916500,0.0,0.0,0.0,40.94,47.4,-14.91,-15.02,-17.47
2025-01-29,54.70000076293945,55.0,49.04999923706055,52.290000915527344,45091600,0.0,0.0,0.0,33.05,42.61,-15.29,-20.59,-23.18
2025-01-30,51.66999816894531,53.2400016784668,47.52000045776367,52.81999969482422,43405700,0.0,0.0,0.0,28.31,37.85,-6.85,-17.99,-21.43
2025-01-31,52.2599983215332,55.650001525878906,48.31999969482422,49.02999877929688,47093700,0.0,0.0,0.0,21.36,32.35,-5.5,-21.99,-26.12
2025-02-03,44.720001220703125,47.810001373291016,43.321998596191406,46.2400016784668,37775000,0.0,0.0,0.0,16.91,27.2,-10.13,-23.72,-29.03
2025-02-04,46.5099983215332,49.84000015258789,46.27000045776367,47.84999847412109,24558100,0.0,0.0,0.0,15.41,23.27,-3.62,-17.85,-24.9
2025-02-05,50.31999969482422,52.86000061035156,49.47999954223633,52.86000061035156,31937400,0.0,0.0,0.0,18.98,21.84,6.23,-5.18,-15.11
2025-02-06,54.959999084472656,56.0,53.09999847412109,55.93000030517578,27360800,0.0,0.0,0.0,40.25,27.98,11.01,4.46,-9.02
2025-02-07,56.38999938964844,57.400001525878906,54.97999954223633,56.900001525878906,23046900,0.0,0.0,0.0,58.98,38.31,9.52,9.59,-6.33
2025-02-10,57.11000061035156,61.43999862670898,57.040000915527344,60.11000061035156,20406200,0.0,0.0,0.0,70.21,48.95,9.83,13.22,-0.47
2025-02-11,59.20000076293945,60.9900016784668,57.880001068115234,59.470001220703125,15387900,0.0,0.0,0.0,76.52,58.14,4.23,11.47,-1.12
2025-02-12,57.0,58.959999084472656,56.119998931884766,57.900001525878906,15945700,0.0,0.0,0.0,77.83,64.7,-0.28,7.4,-3.31
2025-02-13,58.2599983215332,62.68999862670898,57.9900016784668,61.5099983215332,17067400,0.0,0.0,0.0,83.19,70.86,3.94,12.29,3.21
2025-02-14,62.54999923706055,65.05000305175781,61.79999923706055,64.66000366210938,26316000,0.0,0.0,0.0,88.1,76.61,6.47,14.76,8.49
2025-02-18,66.97000122070312,69.0,63.88999938964844,65.16999816894531,18848800,0.0,0.0,0.0,85.53,79.58,5.55,11.91,9.66
2025-02-19,65.31999969482422,67.05000305175781,63.18999862670898,65.08000183105469,13620700,0.0,0.0,0.0,82.13,80.43,3.53,8.54,10.11
2025-02-20,65.80999755859375,66.29000091552734,62.7599983215332,65.80999755859375,13271200,0.0,0.0,0.0,80.5,80.46,2.12,7.44,12.5
2025-02-21,65.69999694824219,67.0530014038086,60.09999847412109,60.369998931884766,18030300,0.0,0.0,0.0,64.67,75.19,-5.99,-2.15,4.77
2025-02-24,62.58000183105469,64.16000366210938,56.560001373291016,56.65999984741211,21135500,0.0,0.0,0.0,44.51,64.97,-9.51,-8.13,-0.24
2025-02-25,56.41999816894531,56.630001068115234,51.650001525878906,53.5,22445200,0.0,0.0,0.0,33.23,54.39,-11.25,-12.31,-6.23
2025-02-26,56.29499816894531,59.4900016784668,55.06999969482422,57.63999938964844,34172500,0.0,0.0,0.0,33.66,47.48,-1.97,-5.24,0.96
2025-02-27,60.6349983215332,60.68000030517578,47.619998931884766,47.7599983215332,46629100,0.0,0.0,0.0,22.66,39.2,-13.46,-20.16,-16.01
2025-02-28,45.93999862670898,51.5,44.65999984741211,51.43999862670898,31144700,0.0,0.0,0.0,24.39,34.27,-3.67,-12.53,-9.43
2025-03-03,50.2400016784668,50.369998931884766,41.0099983215332,42.540000915527344,42706900,0.0,0.0,0.0,18.22,28.92,-15.89,-24.84,-24.67
2025-03-04,39.95000076293945,46.34000015258789,39.52199935913086,43.869998931884766,41397500,0.0,0.0,0.0,17.41,25.08,-9.83,-19.46,-22.15
2025-03-05,45.060001373291016,45.58200073242188,42.74100112915039,44.88999938964844,24301100,0.0,0.0,0.0,18.11,22.76,-2.62,-14.41,-20.13
2025-03-06,41.90999984741211,43.34999847412109,39.40999984741211,39.70000076293945,26708200,0.0,0.0,0.0,12.46,19.32,-10.76,-20.34,-28.53
2025-03-07,40.130001068115234,41.72499847412109,37.5,41.18000030517578,31665500,0.0,0.0,0.0,13.6,17.42,-2.96,-14.06,-24.86
2025-03-10,39.09000015258789,40.52999877929688,35.86000061035156,36.97999954223633,33185000,0.0,0.0,0.0,10.57,15.13,-10.51,-19.52,-31.28
2025-03-11,36.970001220703125,40.619998931884766,35.45000076293945,38.06999969482422,30768200,0.0,0.0,0.0,10.51,13.59,-5.21,-14.27,-27.77
2025-03-12,41.97999954223633,43.79999923706055,41.08000183105469,43.060001373291016,33840800,0.0,0.0,0.0,22.81,16.67,8.2,0.26,-17.02
2025-03-13,44.02000045776367,44.56999969482422,41.63999938964844,43.06999969482422,25696200,0.0,0.0,0.0,32.23,21.85,6.42,1.39,-15.79
2025-03-14,45.16999816894531,47.56999969482422,44.81999969482422,47.290000915527344,23238500,0.0,0.0,0.0,54.05,32.59,13.42,12.42,-6.24
2025-03-17,48.22999954223633,48.34799957275391,44.560001373291016,45.709999084472656,24551600,0.0,0.0,0.0,62.55,42.57,5.23,7.85,-7.64
2025-03-18,44.56999969482422,45.31999969482422,41.90999984741211,42.68000030517578,28681600,0.0,0.0,0.0,60.38,48.51,-3.79,0.99,-11.75
2025-03-19,43.91999816894531,46.2599983215332,42.75,44.04999923706055,23693100,0.0,0.0,0.0,62.48,53.17,-1.14,4.44,-6.9
2025-03-20,43.31999969482422,46.08000183105469,43.29999923706055,44.79999923706055,24862700,0.0,0.0,0.0,65.82,57.38,-0.24,4.95,-3.16
2025-03-21,43.56999969482422,44.3849983215332,42.43000030517578,44.119998931884766,16006100,0.0,0.0,0.0,66.29,60.35,-0.34,2.65,-2.93
2025-03-24,45.755001068115234,47.525001525878906,45.380001068115234,46.77999877929688,19614100,0.0,0.0,0.0,70.33,63.68,5.16,6.41,4.06
2025-03-25,46.244998931884766,46.79499816894531,44.9900016784668,46.29999923706055,11568100,0.0,0.0,0.0,70.04,65.8,2.41,3.38,3.82
2025-03-26,44.80199813842773,44.900001525878906,40.22999954223633,40.970001220703125,25459700,0.0,0.0,0.0,49.74,60.45,-8.13,-8.09,-6.38
2025-03-27,39.22999954223633,41.48899841308594,38.77999877929688,39.29999923706055,17714000,0.0,0.0,0.0,34.97,51.95,-9.64,-11.09,-9.32
2025-03-28,39.34999847412109,40.27000045776367,37.619998931884766,38.0,16243700,0.0,0.0,0.0,24.59,42.83,-10.1,-12.18,-10.94
2025-03-31,34.849998474121094,37.5,33.83000183105469,37.400001525878906,22237800,0.0,0.0,0.0,25.08,36.92,-7.41,-11.88,-11.82
2025-04-01,37.20000076293945,38.31900024414063,35.790000915527344,38.2599983215332,17171300,0.0,0.0,0.0,27.5,33.78,-1.36,-8.9,-9.19
2025-04-02,36.29999923706055,39.54999923706055,35.95000076293945,38.380001068115234,18589800,0.0,0.0,0.0,29.41,32.32,0.29,-7.36,-8.19
2025-04-03,33.65999984741211,35.11000061035156,32.29999923706055,32.45000076293945,22934500,0.0,0.0,0.0,19.94,28.19,-12.05,-19.27,-21.7
2025-04-04,30.559999465942383,31.32999992370605,26.239999771118164,27.65999984741211,38029900,0.0,0.0,0.0,15.59,23.99,-20.59,-28.25,-32.15
2025-04-07,23.64999961853028,32.0,23.12299919128418,29.600000381469727,64088400,0.0,0.0,0.0,20.31,22.77,-11.03,-19.64,-26.73
2025-04-08,33.290000915527344,34.52899932861328,27.64299964904785,29.0,43405900,0.0,0.0,0.0,24.21,23.25,-7.7,-17.38,-27.4
2025-04-09,30.280000686645508,39.95000076293945,29.600000381469727,39.400001525878906,59909100,0.0,0.0,0.0,47.78,31.42,24.6,12.75,-0.91
2025-04-10,36.02000045776367,37.06999969482422,31.69499969482422,34.880001068115234,38117800,0.0,0.0,0.0,55.14,39.33,8.63,1.09,-11.36
2025-04-11,35.38999938964844,37.290000915527344,34.71799850463867,36.7400016784668,27512800,0.0,0.0,0.0,63.74,47.47,8.3,6.87,-5.37
2025-04-14,39.11000061035156,39.18000030517578,35.689998626708984,36.75,24603600,0.0,0.0,0.0,69.49,54.81,3.95,7.11,-4.24
2025-04-15,36.95000076293945,38.685001373291016,36.630001068115234,37.68999862670898,22923500,0.0,0.0,0.0,75.18,61.6,1.61,10.03,-1.14
2025-04-16,32.56999969482422,34.11000061035156,29.825000762939453,32.54999923706055,37420100,0.0,0.0,0.0,68.79,64.0,-8.88,-3.33,-13.32
2025-04-17,32.459999084472656,32.474998474121094,29.75,30.600000381469727,24846800,0.0,0.0,0.0,60.67,62.89,-12.24,-8.62,-16.94
2025-04-21,28.989999771118164,29.3700008392334,26.7549991607666,27.799999237060547,22517900,0.0,0.0,0.0,43.09,56.29,-15.96,-17.02,-22.83
2025-04-22,28.920000076293945,29.520000457763672,28.06999969482422,28.979999542236328,19148800,0.0,0.0,0.0,34.35,48.98,-8.07,-13.33,-17.52
2025-04-23,32.27000045776367,32.439998626708984,30.81100082397461,31.07999992370605,21654800,0.0,0.0,0.0,34.5,44.15,2.91,-7.63,-9.58
2025-04-24,31.64999961853028,33.5099983215332,31.459999084472656,33.41999816894531,18671400,0.0,0.0,0.0,40.88,43.06,10.02,1.12,-1.7
2025-04-25,33.689998626708984,36.86000061035156,32.95000076293945,36.22999954223633,23331500,0.0,0.0,0.0,52.67,46.26,15.01,9.18,7.05
2025-04-28,35.43000030517578,35.84700012207031,33.029998779296875,34.75,18389700,0.0,0.0,0.0,57.45,49.99,5.65,5.35,3.17
2025-04-29,34.11000061035156,35.667999267578125,33.9900016784668,34.900001525878906,15137400,0.0,0.0,0.0,65.17,55.05,2.42,6.4,4.01
2025-04-30,32.02000045776367,34.84000015258789,31.75,34.70000076293945,19466100,0.0,0.0,0.0,69.66,59.92,-0.29,6.77,3.96
2025-05-01,37.540000915527344,38.709999084472656,36.40999984741211,36.52000045776367,21472700,0.0,0.0,0.0,73.66,64.5,3.11,11.01,9.72
2025-05-02,38.22999954223633,39.0099983215332,37.70199966430664,38.34000015258789,17387300,0.0,0.0,0.0,80.4,69.8,6.97,13.86,14.18
2025-05-05,37.34999847412109,38.53499984741211,37.209999084472656,37.93000030517578,10640600,0.0,0.0,0.0,82.54,74.05,3.98,9.36,11.25
2025-05-06,36.380001068115234,38.560001373291016,35.959999084472656,37.68999862670898,12945300,0.0,0.0,0.0,82.53,76.88,1.77,6.0,9.25
2025-05-07,37.41999816894531,40.5,36.915000915527344,40.06999969482422,17607000,0.0,0.0,0.0,86.72,80.16,5.14,9.92,14.32
2025-05-08,41.06999969482422,41.16999816894531,39.26499938964844,40.290000915527344,18814000,0.0,0.0,0.0,88.03,82.78,3.67,8.48,14.8
2025-05-09,40.31999969482422,40.84000015258789,38.77000045776367,39.720001220703125,13990100,0.0,0.0,0.0,86.89,84.15,1.48,5.95,12.4
2025-05-12,43.34000015258789,44.09000015258789,42.21500015258789,44.040000915527344,21918200,0.0,0.0,0.0,91.13,86.48,9.11,14.63,23.35
2025-05-13,45.45000076293945,49.915000915527344,45.125,48.95000076293945,34005400,0.0,0.0,0.0,91.78,88.24,14.87,22.91,34.8
2025-05-14,51.459999084472656,53.13999938964844,50.31999969482422,53.04999923706055,28887100,0.0,0.0,0.0,94.34,90.28,17.34,27.34,43.07
2025-05-15,52.20000076293945,53.78499984741211,50.95000076293945,52.63999938964844,26402800,0.0,0.0,0.0,94.09,91.55,10.4,21.65,38.22
2025-05-16,53.650001525878906,53.75,51.52000045776367,53.0099983215332,21617400,0.0,0.0,0.0,94.61,92.57,5.31,18.49,35.21
2025-05-19,50.68999862670898,53.38899993896485,50.650001525878906,53.060001373291016,18346500,0.0,0.0,0.0,94.97,93.37,1.76,14.72,31.11
2025-05-20,52.11000061035156,52.34999847412109,50.81999969482422,52.18999862670898,14955600,0.0,0.0,0.0,93.11,93.28,-1.14,9.41,25.37
2025-05-21,51.1349983215332,54.52000045776367,49.16999816894531,50.0,39525900,0.0,0.0,0.0,85.84,90.8,-4.18,2.68,17.44
2025-05-22,50.470001220703125,51.994998931884766,49.97999954223633,50.880001068115234,15974000,0.0,0.0,0.0,80.7,87.43,-1.83,2.26,17.11
2025-05-23,48.68999862670898,50.7400016784668,48.08000183105469,49.68999862670898,21809400,0.0,0.0,0.0,70.0,81.62,-2.88,-2.09,12.62
2025-05-27,51.84999847412109,52.97800064086914,51.220001220703125,52.81999969482422,18706200,0.0,0.0,0.0,71.2,78.15,3.33,2.31,17.31
2025-05-28,53.27000045776367,54.18999862670898,52.29999923706055,52.29999923706055,31585000,0.0,0.0,0.0,69.31,75.2,2.27,0.65,13.96
2025-05-29,58.0,59.0,54.70000076293945,55.65999984741211,34139700,0.0,0.0,0.0,69.34,73.25,6.49,6.58,18.57
2025-05-30,55.209999084472656,55.95000076293945,50.61399841308594,52.13999938964844,24509100,0.0,0.0,0.0,58.62,68.37,-0.73,-0.07,9.25
2025-06-02,52.66999816894531,54.65999984741211,52.59999847412109,54.150001525878906,15300100,0.0,0.0,0.0,57.61,64.79,1.38,3.56,11.62
2025-06-03,55.150001525878906,57.720001220703125,54.52999877929688,57.119998931884766,17794300,0.0,0.0,0.0,66.0,65.19,5.24,8.4,15.46
2025-06-04,57.869998931884766,58.02999877929688,55.720001220703125,57.56999969482422,14681000,0.0,0.0,0.0,72.97,67.78,4.05,8.15,14.07
2025-06-05,57.81999969482422,59.31999969482422,55.11100006103516,56.0,18840500,0.0,0.0,0.0,72.13,69.23,1.09,4.03,9.24
2025-06-06,58.025001525878906,58.619998931884766,57.22200012207031,57.36000061035156,11651700,0.0,0.0,0.0,73.92,70.8,1.63,5.28,10.06
2025-06-09,58.619998931884766,60.02999877929688,57.56999969482422,58.060001373291016,14872300,0.0,0.0,0.0,75.64,72.41,1.46,4.96,9.48
2025-06-10,58.130001068115234,59.41999816894531,57.18999862670898,59.15999984741211,11519200,0.0,0.0,0.0,80.68,75.17,2.65,5.73,9.98
2025-06-11,59.72999954223633,60.02999877929688,57.43999862670898,58.2400016784668,12093300,0.0,0.0,0.0,80.78,77.04,0.82,3.0,7.34
2025-06-12,57.41999816894531,59.97999954223633,57.41999816894531,59.93999862670898,12328400,0.0,0.0,0.0,86.78,80.29,2.37,5.21,9.78
2025-06-13,57.77000045776367,58.7400016784668,56.52000045776367,57.400001525878906,11733900,0.0,0.0,0.0,75.25,78.61,-1.98,-0.17,4.67
2025-06-16,58.4900016784668,60.79999923706055,58.459999084472656,59.58000183105469,11380100,0.0,0.0,0.0,76.35,77.86,1.22,2.65,8.0
2025-06-17,59.41999816894531,60.0099983215332,58.81999969482422,59.02999877929688,8931900,0.0,0.0,0.0,73.86,76.53,0.33,1.37,6.43
2025-06-18,59.0,60.290000915527344,58.2599983215332,60.13999938964844,8437000,0.0,0.0,0.0,77.44,76.83,1.56,2.82,7.66
2025-06-20,60.08000183105469,60.720001220703125,57.79999923706055,58.709999084472656,11586500,0.0,0.0,0.0,68.68,74.11,-0.44,-0.09,4.29
2025-06-23,57.650001525878906,59.470001220703125,57.290000915527344,59.0099983215332,7893300,0.0,0.0,0.0,65.18,71.13,-0.48,0.14,4.07
2025-06-24,60.20000076293945,62.06999969482422,60.130001068115234,61.97999954223633,11096700,0.0,0.0,0.0,76.25,72.84,3.69,4.49,8.13
2025-06-25,63.220001220703125,67.51000213623047,63.20000076293945,67.4000015258789,19050100,0.0,0.0,0.0,83.83,76.5,9.69,12.07,16.11
2025-06-26,68.87000274658203,69.4800033569336,67.12000274658203,68.0199966430664,13220000,0.0,0.0,0.0,85.46,79.49,7.93,11.29,15.61
2025-06-27,68.75,71.1500015258789,68.12000274658203,70.31999969482422,15083000,0.0,0.0,0.0,88.31,82.43,7.61,13.13,18.05
2025-06-30,70.91000366210938,71.08000183105469,68.70999908447266,70.41999816894531,10063800,0.0,0.0,0.0,90.45,85.11,4.13,10.97,16.43
2025-07-01,68.91999816894531,69.79000091552734,64.69000244140625,66.36000061035156,13375700,0.0,0.0,0.0,82.12,84.11,-3.13,3.46,8.62
2025-07-02,66.0,70.0,66.0,69.69000244140625,12024800,0.0,0.0,0.0,84.57,84.26,1.06,6.88,12.91
2025-07-03,70.58999633789062,72.9000015258789,70.08000183105469,71.41000366210938,9350400,0.0,0.0,0.0,86.53,85.02,2.54,7.66,14.42
2025-07-07,70.41999816894531,71.41000366210938,69.66000366210938,70.47000122070312,9476700,0.0,0.0,0.0,84.68,84.9,1.15,4.39,11.62
2025-07-08,71.49800109863281,72.19999694824219,70.58999633789062,71.97000122070312,9011200,0.0,0.0,0.0,86.59,85.47,2.84,4.6,12.69
2025-07-09,73.06999969482422,75.94000244140625,73.01000213623047,74.5,11215400,0.0,0.0,0.0,86.79,85.91,4.04,6.34,15.17
2025-07-10,75.93000030517578,76.02999877929688,73.37000274658203,75.63999938964844,12363900,0.0,0.0,0.0,90.05,87.29,3.9,6.72,15.46
2025-07-11,75.20999908447266,79.05999755859375,75.08000183105469,76.33000183105469,13148800,0.0,0.0,0.0,87.03,87.2,3.45,6.44,14.93
2025-07-14,76.80000305175781,76.81999969482422,73.6500015258789,75.55999755859375,8211500,0.0,0.0,0.0,83.24,85.88,1.02,4.6,12.45
2025-07-15,82.05000305175781,83.16999816894531,80.23999786376953,81.56999969482422,18167900,0.0,0.0,0.0,85.72,85.83,6.32,11.21,19.24
2025-07-16,81.91999816894531,82.58499908447266,79.87000274658203,82.19999694824219,10205900,0.0,0.0,0.0,88.09,86.58,5.03,9.7,18.21
2025-07-17,82.9000015258789,84.87000274658203,81.69999694824219,83.87999725341797,10687400,0.0,0.0,0.0,89.89,87.68,4.97,9.86,18.51
2025-07-18,84.38999938964844,84.87999725341797,82.01000213623047,83.06999969482422,10730400,0.0,0.0,0.0,89.04,88.13,2.23,7.16,15.49
2025-07-21,83.42500305175781,84.0199966430664,81.93000030517578,82.16000366210938,7881100,0.0,0.0,0.0,85.05,87.11,-0.5,4.41,12.4
2025-07-22,82.0,82.04000091552734,75.58000183105469,77.9000015258789,12518500,0.0,0.0,0.0,69.82,81.34,-4.82,-1.74,5.21
2025-07-23,80.25,81.81999969482422,78.77999877929688,81.44999694824219,10451000,0.0,0.0,0.0,69.7,77.46,-0.3,1.84,8.58
2025-07-24,83.01000213623047,84.2699966430664,81.87999725341797,84.18000030517578,8182600,0.0,0.0,0.0,77.72,77.55,2.97,4.14,10.97
2025-07-25,83.94999694824219,85.05000305175781,83.36000061035156,83.8499984741211,7101600,0.0,0.0,0.0,80.92,78.67,2.37,2.78,9.4
2025-07-28,84.36000061035156,87.02999877929688,84.31500244140625,86.9800033569336,8576900,0.0,0.0,0.0,87.14,81.5,4.96,5.14,12.26
2025-07-29,88.19999694824219,89.52999877929688,85.43000030517578,85.73999786376953,10063100,0.0,0.0,0.0,82.37,81.79,1.54,3.13,9.58
2025-07-30,86.8499984741211,89.9800033569336,86.23999786376953,89.38999938964844,11287700,0.0,0.0,0.0,86.88,83.48,3.91,6.59,12.59
2025-07-31,93.0,93.30999755859376,86.04000091552734,87.95999908447266,15806600,0.0,0.0,0.0,81.2,82.72,1.36,4.38,9.52
2025-08-01,84.16999816894531,86.55999755859375,81.01000213623047,83.62000274658203,16048700,0.0,0.0,0.0,69.25,78.23,-3.59,-0.83,3.34
2025-08-04,85.13999938964844,89.79000091552734,84.55000305175781,89.77999877929688,10924000,0.0,0.0,0.0,71.4,75.95,2.84,5.52,9.64
2025-08-05,89.36000061035156,90.02999877929688,85.72000122070312,88.06999969482422,11508100,0.0,0.0,0.0,66.73,72.88,0.35,2.29,6.5
2025-08-06,86.18000030517578,89.62000274658203,86.07499694824219,89.16999816894531,9762700,0.0,0.0,0.0,66.6,70.79,1.65,2.64,6.89
2025-08-07,91.25499725341795,93.55999755859376,88.52999877929688,90.56999969482422,12292100,0.0,0.0,0.0,69.79,70.46,2.64,3.49,7.6
2025-08-08,91.2300033569336,92.93000030517578,90.02799987792969,92.4000015258789,8479400,0.0,0.0,0.0,76.78,72.56,2.67,4.56,8.74
2025-08-11,91.68000030517578,93.4499969482422,89.86000061035156,91.75,11394900,0.0,0.0,0.0,79.71,74.95,1.5,3.27,6.95
2025-08-12,92.58000183105467,92.8949966430664,89.05000305175781,92.69000244140624,11325600,0.0,0.0,0.0,84.16,78.02,1.5,3.52,7.35
2025-08-13,92.16999816894533,93.5,88.86499786376953,91.06999969482422,13426400,0.0,0.0,0.0,82.83,79.62,-0.68,1.52,4.94
2025-08-14,89.19999694824219,92.5199966430664,88.95999908447266,91.47000122070312,9271400,0.0,0.0,0.0,80.82,80.02,-0.44,1.57,4.94
2025-08-15,91.22000122070312,91.29000091552734,87.4800033569336,89.80999755859375,9892400,0.0,0.0,0.0,71.27,77.1,-1.69,-0.96,2.64
2025-08-18,90.16000366210938,92.3000030517578,90.0,91.36000061035156,8041900,0.0,0.0,0.0,71.05,75.09,0.09,0.58,3.86
2025-08-19,91.79000091552734,91.81999969482422,84.80000305175781,84.98999786376953,12118700,0.0,0.0,0.0,48.09,66.09,-5.29,-6.12,-3.76
2025-08-20,84.44999694824219,84.80000305175781,78.3499984741211,84.69999694824219,21557800,0.0,0.0,0.0,46.03,59.4,-4.26,-5.97,-4.27
2025-08-21,84.13999938964844,86.12000274658203,83.12999725341797,84.22000122070312,13422200,0.0,0.0,0.0,43.6,54.14,-3.21,-5.84,-4.81
2025-08-22,81.94000244140625,87.66999816894531,80.54100036621094,87.08999633789062,13580600,0.0,0.0,0.0,48.3,52.19,0.71,-2.05,-1.75
2025-08-25,87.44000244140625,90.91000366210938,85.66999816894531,88.9000015258789,16372000,0.0,0.0,0.0,55.41,53.26,3.4,0.3,0.18
2025-08-26,89.06999969482422,91.36000061035156,87.83999633789062,90.70999908447266,13317300,0.0,0.0,0.0,66.02,57.51,4.12,2.58,1.94
2025-08-27,91.0,91.43000030517578,88.0999984741211,90.5500030517578,23182800,0.0,0.0,0.0,73.16,62.73,2.56,2.46,1.69
2025-08-28,89.73999786376953,93.33999633789062,85.37999725341797,89.01000213623047,24523300,0.0,0.0,0.0,72.48,65.98,-0.27,0.99,-0.1
2025-08-29,86.94999694824219,86.94999694824219,82.05000305175781,83.08999633789062,20401500,0.0,0.0,0.0,58.86,63.61,-6.06,-5.0,-6.71
2025-09-02,78.98999786376953,81.30999755859375,76.4000015258789,79.80999755859375,18805500,0.0,0.0,0.0,45.95,57.72,-7.88,-7.53,-9.89
2025-09-03,80.0199966430664,81.29000091552734,78.0,79.56999969482422,11423900,0.0,0.0,0.0,36.87,50.77,-5.73,-7.22,-9.73
2025-09-04,79.52999877929688,80.75,78.44999694824219,80.41999816894531,9842500,0.0,0.0,0.0,32.49,44.68,-2.38,-5.76,-8.31
2025-09-05,77.08999633789062,78.02999877929688,73.39800262451172,76.16000366210938,19697600,0.0,0.0,0.0,26.28,38.54,-4.57,-9.9,-12.45
2025-09-08,76.56999969482422,79.69999694824219,76.52999877929688,77.37000274658203,11291800,0.0,0.0,0.0,24.16,33.75,-1.65,-7.41,-10.28
2025-09-09,77.94999694824219,79.68499755859375,75.83899688720703,79.5199966430664,11803200,0.0,0.0,0.0,26.34,31.28,1.16,-3.75,-7.13
2025-09-10,84.97000122070312,87.41999816894531,83.87999725341797,85.54000091552734,16081600,0.0,0.0,0.0,37.85,33.47,7.19,4.18,0.32
2025-09-11,87.87000274658203,88.44000244140625,84.77999877929688,85.36000061035156,11540600,0.0,0.0,0.0,51.74,39.56,5.66,4.63,0.44
2025-09-12,86.0,86.72000122070312,84.66999816894531,85.9800033569336,9621800,0.0,0.0,0.0,62.38,47.17,3.9,5.78,1.5
2025-09-15,83.9000015258789,86.4000015258789,82.80000305175781,85.87000274658203,12069800,0.0,0.0,0.0,69.22,54.52,1.68,5.28,1.61
2025-09-16,85.08000183105469,85.62999725341797,82.62000274658203,83.11000061035156,8468500,0.0,0.0,0.0,67.67,58.9,-2.42,1.49,-1.18
2025-09-17,80.9000015258789,81.45999908447266,76.94000244140625,78.70999908447266,14722000,0.0,0.0,0.0,56.89,58.23,-6.08,-3.78,-6.06
2025-09-18,82.12000274658203,84.93000030517578,81.1500015258789,84.12999725341797,13182200,0.0,0.0,0.0,59.86,58.77,0.68,2.38,0.45
2025-09-19,83.74500274658203,85.86000061035156,83.0999984741211,84.4000015258789,9928900,0.0,0.0,0.0,62.55,60.03,1.39,1.69,0.76
2025-09-22,83.18000030517578,92.0,82.62000274658203,91.08999633789062,22523400,0.0,0.0,0.0,73.02,64.36,8.07,7.96,8.49
2025-09-23,89.4000015258789,89.9000015258789,84.8499984741211,85.98999786376953,17657300,0.0,0.0,0.0,68.71,65.81,1.33,1.14,2.59
2025-09-24,87.16000366210938,87.18000030517578,83.01000213623047,84.41000366210938,10828100,0.0,0.0,0.0,62.34,64.65,-1.85,-0.58,1.08
2025-09-25,82.08999633789062,87.61000061035156,80.83000183105469,85.12999725341797,13575100,0.0,0.0,0.0,59.69,63.0,-1.25,0.29,2.28
2025-09-26,85.51000213623047,85.9800033569336,82.47000122070312,85.56999969482422,10150800,0.0,0.0,0.0,58.89,61.63,-1.0,0.86,3.02
2025-09-29,87.66000366210938,91.12999725341795,87.66000366210938,89.02999877929688,15252500,0.0,0.0,0.0,66.02,63.09,3.49,4.55,6.8
2025-09-30,89.29000091552734,94.4290008544922,88.70999908447266,93.62000274658205,18215700,0.0,0.0,0.0,75.36,67.18,6.93,8.6,11.39
2025-10-01,92.2300033569336,95.16500091552734,90.93000030517578,94.19000244140624,14059400,0.0,0.0,0.0,81.31,71.89,5.23,7.33,11.1
2025-10-02,96.69000244140624,98.12000274658205,95.29000091552734,95.94000244140624,11436300,0.0,0.0,0.0,83.34,75.71,4.66,7.87,12.14
2025-10-03,96.16000366210938,97.33000183105467,92.29000091552734,94.55999755859376,10614000,0.0,0.0,0.0,82.03,77.81,1.17,5.12,9.35
2025-10-06,92.51000213623048,94.12999725341795,90.20999908447266,92.4499969482422,13885800,0.0,0.0,0.0,77.09,77.57,-1.81,2.62,5.98
2025-10-07,93.16000366210938,95.90799713134766,91.2699966430664,91.8499984741211,12623700,0.0,0.0,0.0,72.64,75.93,-2.08,1.3,4.56
2025-10-08,93.5,96.20999908447266,93.5,95.8499984741211,11975500,0.0,0.0,0.0,76.92,76.26,1.83,4.39,8.47
2025-10-09,99.0,102.1500015258789,97.88999938964844,99.33000183105467,16445300,0.0,0.0,0.0,78.13,76.88,4.77,6.53,11.53
2025-10-10,100.2699966430664,102.45999908447266,89.4000015258789,89.61000061035156,25797000,0.0,0.0,0.0,54.27,69.34,-4.49,-4.31,0.41
2025-10-13,94.26000213623048,96.37999725341795,92.33999633789062,94.62999725341795,12558000,0.0,0.0,0.0,49.53,62.74,0.4,0.45,5.52
2025-10-14,90.95999908447266,91.04000091552734,86.0,86.37000274658203,18437700,0.0,0.0,0.0,33.77,53.08,-7.29,-7.6,-3.87
2025-10-15,90.8499984741211,90.88999938964844,83.66000366210938,86.13999938964844,14843900,0.0,0.0,0.0,26.91,44.36,-5.56,-7.05,-4.52
2025-10-16,88.30999755859375,89.33000183105469,85.9800033569336,87.94000244140625,11130300,0.0,0.0,0.0,25.53,38.08,-1.12,-4.28,-2.73
2025-10-17,86.2300033569336,90.04000091552734,85.93000030517578,89.23999786376953,10342200,0.0,0.0,0.0,26.91,34.36,0.42,-2.3,-1.55
2025-10-20,89.06500244140625,91.12999725341795,87.76399993896484,88.58999633789062,7801700,0.0,0.0,0.0,26.68,31.8,1.07,-2.6,-2.13
2025-10-21,88.72000122070312,88.7300033569336,85.86000061035156,87.1500015258789,7043600,0.0,0.0,0.0,23.98,29.19,-0.75,-3.69,-3.79
2025-10-22,87.16000366210938,89.31500244140625,82.91000366210938,86.2699966430664,11284100,0.0,0.0,0.0,21.71,26.7,-1.79,-3.64,-4.86
2025-10-23,86.3499984741211,88.88999938964844,85.79000091552734,88.08000183105469,5971000,0.0,0.0,0.0,27.27,26.89,0.24,-0.36,-3.02
2025-10-24,89.5999984741211,93.08000183105467,89.30999755859375,91.9499969482422,8091600,0.0,0.0,0.0,47.81,33.86,4.01,3.74,0.89
2025-10-27,95.5999984741211,97.34500122070312,94.05999755859376,97.0,9764400,0.0,0.0,0.0,64.41,44.04,7.67,9.14,5.97
2025-10-28,98.63999938964844,108.83999633789062,97.49199676513672,106.69000244140624,23266200,0.0,0.0,0.0,73.51,53.87,13.5,17.36,15.73
2025-10-29,114.02999877929688,118.5,110.66000366210938,112.98999786376952,23155100,0.0,0.0,0.0,77.18,61.64,13.74,20.73,21.32
2025-10-30,111.0,112.0,106.89299774169922,108.44000244140624,10470700,0.0,0.0,0.0,75.36,66.21,4.86,13.38,15.66
2025-10-31,112.1999969482422,113.81999969482422,107.52999877929688,107.9800033569336,8776500,0.0,0.0,0.0,73.72,68.72,1.28,10.73,14.35
2025-11-03,113.87999725341795,117.3499984741211,112.09600067138672,112.7300033569336,12610000,0.0,0.0,0.0,77.08,71.5,2.7,12.81,18.11
2025-11-04,108.33000183105467,109.43000030517578,102.8499984741211,103.76000213623048,10075200,0.0,0.0,0.0,69.7,70.9,-4.96,2.14,8.04
2025-11-05,103.70500183105467,108.02999877929688,99.73999786376952,100.0,9818300,0.0,0.0,0.0,58.67,66.83,-6.18,-2.88,3.9
2025-11-06,101.19499969482422,102.41999816894533,90.9499969482422,92.72000122070312,14692100,0.0,0.0,0.0,41.26,58.3,-10.36,-10.35,-3.33
2025-11-07,89.2750015258789,92.75,83.58000183105469,92.73999786376952,17270400,0.0,0.0,0.0,36.25,50.95,-7.62,-10.4,-3.47
2025-11-10,99.45999908447266,104.16600036621094,98.12000274658205,103.31999969482422,12303600,0.0,0.0,0.0,43.01,48.3,4.88,-0.78,7.06
2025-11-11,99.27999877929688,99.5199966430664,95.3000030517578,97.27999877929688,13772100,0.0,0.0,0.0,42.2,46.27,0.07,-5.73,0.24
2025-11-12,99.7699966430664,99.8499984741211,95.0999984741211,97.72000122070312,9915700,0.0,0.0,0.0,42.09,44.87,1.0,-3.88,0.09
2025-11-13,94.9800033569336,95.33000183105467,87.75,90.83999633789062,11598000,0.0,0.0,0.0,35.22,41.66,-5.75,-9.08,-7.09
2025-11-14,86.80000305175781,94.70999908447266,84.5999984741211,93.94000244140624,12807600,0.0,0.0,0.0,36.84,40.05,-2.77,-4.63,-4.15
2025-11-17,89.72000122070312,92.72000122070312,88.12999725341797,90.33999633789062,11789300,0.0,0.0,0.0,33.78,37.96,-3.92,-6.16,-7.91
2025-11-18,87.18000030517578,88.43000030517578,83.62000274658203,85.27999877929688,13763900,0.0,0.0,0.0,25.27,33.73,-6.92,-9.68,-12.98
2025-11-19,88.49500274658203,91.36000061035156,86.63999938964844,90.33999633789062,17478100,0.0,0.0,0.0,27.79,31.75,0.21,-3.33,-8.01
2025-11-20,99.0999984741211,99.22000122070312,83.56999969482422,84.62999725341797,28658800,0.0,0.0,0.0,20.24,27.92,-4.81,-8.65,-13.67
2025-11-21,84.93000030517578,87.94599914550781,77.13999938964844,82.69999694824219,24684700,0.0,0.0,0.0,21.66,25.83,-4.57,-9.75,-15.24
2025-11-24,83.22000122070312,86.83000183105469,80.41999816894531,86.01000213623047,17994400,0.0,0.0,0.0,27.46,26.37,0.25,-4.34,-11.35
2025-11-25,78.80999755859375,81.8499984741211,73.83000183105469,81.55000305175781,25927100,0.0,0.0,0.0,28.44,27.06,-4.11,-7.68,-14.84
2025-11-26,85.0199966430664,86.16999816894531,81.88999938964844,83.62000274658203,14560800,0.0,0.0,0.0,31.81,28.65,-0.1,-3.8,-11.32
2025-11-28,82.4800033569336,82.77999877929688,80.18000030517578,80.63999938964844,8460200,0.0,0.0,0.0,30.15,29.15,-2.73,-6.13,-13.2
2025-12-01,78.61000061035156,83.61000061035156,77.62999725341797,83.25,10317200,0.0,0.0,0.0,32.47,30.25,0.28,-1.87,-9.19
2025-12-02,84.91999816894531,88.52999877929688,83.30999755859375,84.55000305175781,12600300,0.0,0.0,0.0,35.72,32.07,2.21,0.35,-6.33
2025-12-03,84.30500030517578,85.54000091552734,82.45999908447266,82.94999694824219,10990400,0.0,0.0,0.0,35.79,33.31,-0.06,-1.28,-7.03
2025-12-04,84.80000305175781,87.4000015258789,83.26000213623047,86.38999938964844,12239000,0.0,0.0,0.0,52.34,39.65,3.39,3.3,-2.43
2025-12-05,86.7699966430664,87.48999786376953,83.87999725341797,85.33999633789062,9933900,0.0,0.0,0.0,60.99,46.77,1.0,1.96,-3.21
2025-12-08,85.55000305175781,90.58499908447266,85.33000183105469,88.30000305175781,15815400,0.0,0.0,0.0,69.45,54.33,3.27,4.79,0.4
2025-12-09,88.26000213623047,88.41999816894531,86.18000030517578,87.69999694824219,10324100,0.0,0.0,0.0,72.21,60.29,1.82,3.87,0.61
2025-12-10,87.66500091552734,88.16000366210938,84.91999816894531,86.52999877929688,10389400,0.0,0.0,0.0,71.04,63.87,-0.37,1.89,-0.12
2025-12-11,83.25,84.19999694824219,79.80999755859375,83.8499984741211,12970300,0.0,0.0,0.0,63.36,63.7,-2.89,-1.29,-2.43
2025-12-12,84.0,85.52999877929688,77.95500183105469,78.30000305175781,13376300,0.0,0.0,0.0,43.15,56.85,-7.81,-7.57,-8.22
2025-12-15,80.86499786376953,81.31999969482422,78.30000305175781,79.44999694824219,8925500,0.0,0.0,0.0,32.71,48.81,-4.47,-5.79,-6.07
2025-12-16,79.30000305175781,81.08000183105469,78.16999816894531,80.52999877929688,7586800,0.0,0.0,0.0,28.61,42.07,-1.47,-4.06,-4.24
2025-12-17,79.19000244140625,79.19000244140625,73.95999908447266,74.58999633789062,13091700,0.0,0.0,0.0,20.33,34.83,-5.99,-10.24,-10.74
2025-12-18,77.62000274658203,79.0199966430664,75.2699966430664,77.18000030517578,8109100,0.0,0.0,0.0,20.01,29.89,-1.06,-6.08,-6.9
2025-12-19,79.38999938964844,83.3499984741211,79.22000122070312,83.29000091552734,9153100,0.0,0.0,0.0,34.85,31.54,5.42,1.61,0.55
2025-12-22,85.97000122070312,86.1760025024414,84.54000091552734,85.68000030517578,6595300,0.0,0.0,0.0,50.74,37.94,6.76,4.86,3.25
2025-12-23,85.04000091552734,90.94000244140624,85.0,90.8000030517578,9863200,0.0,0.0,0.0,66.89,47.59,10.32,10.7,9.1
2025-12-24,89.55999755859375,90.36000061035156,88.33000183105469,90.27999877929688,4974500,0.0,0.0,0.0,76.63,57.27,5.66,9.57,7.91
2025-12-26,91.44000244140624,94.06999969482422,91.1449966430664,92.02999877929688,10157500,0.0,0.0,0.0,81.04,65.19,4.09,10.6,9.45
2025-12-29,89.2699966430664,90.2699966430664,87.55999755859375,89.76000213623047,7244400,0.0,0.0,0.0,80.21,70.2,0.06,6.4,6.18
2025-12-30,89.66999816894531,90.45999908447266,88.5,89.04000091552734,5873100,0.0,0.0,0.0,78.47,72.96,-1.48,4.36,4.97
2025-12-31,90.9000015258789,91.87999725341795,88.01000213623047,88.01000213623047,6496600,0.0,0.0,0.0,74.9,73.61,-2.02,2.26,3.54
2026-01-02,91.05999755859376,93.91000366210938,89.55999755859375,90.02999877929688,9847900,0.0,0.0,0.0,74.2,73.8,0.29,2.76,5.48
2026-01-05,92.94000244140624,94.68000030517578,87.58999633789062,89.38999938964844,11150600,0.0,0.0,0.0,65.41,71.01,0.16,0.63,4.54
2026-01-06,91.66000366210938,93.25,88.21299743652344,88.63999938964844,12053300,0.0,0.0,0.0,56.14,66.05,-0.43,-0.81,3.47
2026-01-07,89.80000305175781,92.44000244140624,87.94999694824219,90.43000030517578,9612600,0.0,0.0,0.0,50.86,60.99,1.27,0.66,5.43
2026-01-08,90.3000030517578,90.6999969482422,85.16999816894531,86.43000030517578,9941100,0.0,0.0,0.0,38.33,53.43,-2.87,-3.33,0.84
2026-01-09,86.4800033569336,87.55000305175781,85.06999969482422,86.16999816894531,6841600,0.0,0.0,0.0,29.37,45.41,-2.31,-3.17,0.56
2026-01-12,84.625,88.2300033569336,84.43000030517578,86.18000030517578,7278700,0.0,0.0,0.0,25.27,38.7,-1.59,-2.52,0.43
2026-01-13,86.25,89.13999938964844,84.79000091552734,86.95999908447266,8477300,0.0,0.0,0.0,25.07,34.16,-0.31,-1.33,0.83
2026-01-14,85.58000183105469,85.7300033569336,82.3499984741211,84.48999786376953,9455200,0.0,0.0,0.0,22.5,30.27,-1.81,-3.63,-2.32
2026-01-15,87.52999877929688,90.48999786376952,87.41000366210938,88.0,11859100,0.0,0.0,0.0,30.27,30.27,1.9,0.37,1.3
2026-01-16,89.79000091552734,91.12999725341795,87.08499908447266,87.26000213623047,8634000,0.0,0.0,0.0,35.2,31.91,0.79,-0.15,-0.28
2026-01-20,83.04000091552734,83.58000183105469,79.19999694824219,79.44999694824219,10679800,0.0,0.0,0.0,24.1,29.31,-6.78,-8.05,-9.32
2026-01-21,80.30999755859375,86.01000213623047,79.83300018310547,84.20999908447266,12864200,0.0,0.0,0.0,30.06,29.56,-0.56,-2.03,-3.94
2026-01-22,85.49500274658203,86.7699966430664,84.70999908447266,85.48999786376953,6737800,0.0,0.0,0.0,37.62,32.24,0.72,0.03,-2.47
2026-01-23,87.95999908447266,89.87000274658203,87.33000183105469,88.0999984741211,9479800,0.0,0.0,0.0,49.94,38.14,3.77,2.88,0.67
2026-01-26,87.66000366210938,89.44000244140625,86.51000213623047,86.87999725341797,6602500,0.0,0.0,0.0,54.75,43.68,2.42,1.37,-0.54
2026-01-27,87.62999725341797,90.2300033569336,86.25,88.87999725341797,6975500,0.0,0.0,0.0,63.55,50.3,2.5,3.38,1.94
2026-01-28,91.5,92.43000030517578,90.08000183105467,91.66000366210938,8571600,0.0,0.0,0.0,73.76,58.12,3.92,6.04,5.01
2026-01-29,91.41000366210938,93.48300170898438,86.4000015258789,92.47000122070312,9893700,0.0,0.0,0.0,80.14,65.46,3.21,5.99,5.73
2026-01-30,91.22000122070312,94.37999725341795,89.5999984741211,91.4000015258789,9507700,0.0,0.0,0.0,80.22,70.38,1.27,4.36,4.31
2026-02-02,87.4000015258789,90.3499984741211,85.23999786376953,85.94999694824219,13057400,0.0,0.0,0.0,67.5,69.42,-4.58,-1.71,-1.68
2026-02-03,86.3499984741211,86.41999816894531,77.2300033569336,81.0199966430664,13940500,0.0,0.0,0.0,52.36,63.73,-8.45,-7.52,-6.88
2026-02-04,80.13999938964844,80.26000213623047,73.40499877929688,75.47000122070312,13105100,0.0,0.0,0.0,38.19,55.22,-11.48,-12.98,-12.59
2026-02-05,76.02999877929688,77.66999816894531,72.75,73.4800033569336,12883600,0.0,0.0,0.0,26.59,45.67,-9.8,-14.09,-14.06
2026-02-06,77.31999969482422,86.18000030517578,75.69000244140625,84.87999725341797,17292200,0.0,0.0,0.0,36.42,42.59,5.89,-0.39,-0.63
2026-02-09,83.76000213623047,92.47000122070312,83.56999969482422,88.97000122070312,15293800,0.0,0.0,0.0,49.27,44.82,10.16,4.16,3.99
2026-02-10,90.4000015258789,91.37999725341795,87.31999969482422,87.80000305175781,7374500,0.0,0.0,0.0,56.04,48.56,6.92,2.92,2.52
2026-02-11,91.31999969482422,92.0,87.87999725341797,89.08000183105469,10857800,0.0,0.0,0.0,62.53,53.22,5.0,4.74,3.89
2026-02-12,91.80999755859376,92.4000015258789,85.7300033569336,86.16000366210938,9272700,0.0,0.0,0.0,64.35,56.93,-1.39,2.06,0.38
2026-02-13,86.31999969482422,86.62000274658203,81.16999816894531,82.29000091552734,11046000,0.0,0.0,0.0,59.03,57.63,-5.26,-1.46,-3.81
2026-02-17,81.22000122070312,86.08999633789062,78.94999694824219,84.12000274658203,11019900,0.0,0.0,0.0,58.57,57.94,-2.06,0.95,-1.48
2026-02-18,87.37000274658203,89.01000213623047,85.75,86.75,10710800,0.0,0.0,0.0,62.71,59.53,1.25,3.4,1.16
2026-02-19,86.0,87.25,84.70999908447266,86.75,6468100,0.0,0.0,0.0,63.78,60.95,1.8,2.03,1.01
2026-02-20,85.44000244140625,88.93000030517578,84.91000366210938,88.4800033569336,9364600,0.0,0.0,0.0,66.01,62.64,3.27,2.26,2.85
2026-02-23,89.94999694824219,92.27999877929688,88.2300033569336,90.12999725341795,8257400,0.0,0.0,0.0,71.72,65.66,3.31,3.53,4.64
2026-02-24,90.0,92.08000183105467,86.15499877929688,91.25,8842400,0.0,0.0,0.0,78.29,69.87,2.91,4.55,5.68
2026-02-25,92.7300033569336,95.7300033569336,92.12000274658205,94.05999755859376,15859000,0.0,0.0,0.0,82.21,73.99,4.36,7.0,8.6
2026-02-26,92.5,92.5999984741211,83.0,83.5199966430664,22962400,0.0,0.0,0.0,63.89,70.62,-6.67,-4.39,-3.11
2026-02-27,80.19000244140625,81.37999725341797,75.81999969482422,76.48999786376953,15689600,0.0,0.0,0.0,43.71,61.65,-12.17,-11.45,-10.44
2026-03-02,74.55999755859375,81.87999725341797,74.31999969482422,80.9000015258789,14522500,0.0,0.0,0.0,39.39,54.23,-5.1,-6.2,-4.69
2026-03-03,77.45500183105469,79.58999633789062,76.08000183105469,78.83000183105469,10429100,0.0,0.0,0.0,33.28,47.25,-4.75,-8.03,-6.73
2026-03-04,79.19000244140625,82.87000274658203,78.8499984741211,81.41000366210938,9224000,0.0,0.0,0.0,33.22,42.57,1.47,-4.43,-3.7
2026-03-05,79.75,82.30999755859375,76.86000061035156,81.66000366210938,9790700,0.0,0.0,0.0,33.58,39.57,2.26,-3.56,-3.76
2026-03-06,78.51000213623047,81.08000183105469,75.83000183105469,76.63999938964844,8673600,0.0,0.0,0.0,26.0,35.05,-4.07,-8.2,-9.84
2026-03-09,75.9000015258789,81.01000213623047,74.76000213623047,80.83000183105469,9389600,0.0,0.0,0.0,27.47,32.52,1.2,-2.09,-4.69
2026-03-10,80.63999938964844,84.13999938964844,80.26000213623047,82.66000366210938,8211400,0.0,0.0,0.0,33.52,32.85,2.5,1.18,-2.17
2026-03-11,83.69999694824219,85.19999694824219,82.41500091552734,83.76000213623047,5770500,0.0,0.0,0.0,51.27,38.99,3.27,3.83,-0.63
2026-03-12,82.0,82.77999877929688,79.93000030517578,81.12999725341797,6970000,0.0,0.0,0.0,55.04,44.34,0.16,0.87,-3.29
2026-03-13,82.66000366210938,83.70999908447266,78.27999877929688,78.58000183105469,8560400,0.0,0.0,0.0,48.89,45.86,-3.45,-2.55,-5.91
2026-03-16,80.9000015258789,85.94999694824219,79.56999969482422,81.08999633789062,13135200,0.0,0.0,0.0,51.45,47.72,-0.43,0.53,-2.83
2026-03-17,82.7300033569336,83.0199966430664,79.73999786376953,79.9800033569336,10068400,0.0,0.0,0.0,49.85,48.43,-1.15,-0.98,-3.92
2026-03-18,80.41999816894531,81.19000244140625,78.54000091552734,78.55000305175781,8754100,0.0,0.0,0.0,44.52,47.13,-1.65,-2.41,-5.17
2026-03-19,76.47000122070312,78.19000244140625,74.55999755859375,76.94000244140625,8314700,0.0,0.0,0.0,36.65,43.63,-2.64,-3.84,-6.56
2026-03-20,76.46499633789062,76.52999877929688,70.98999786376953,72.08999633789062,10419800,0.0,0.0,0.0,26.88,38.05,-7.26,-9.39,-11.57
2026-03-23,75.72000122070312,76.5,73.51399993896484,74.16999816894531,10863000,0.0,0.0,0.0,25.01,33.7,-2.85,-5.99,-8.12
2026-03-24,73.62000274658203,74.69999694824219,72.8499984741211,73.95999908447266,6288300,0.0,0.0,0.0,23.29,30.23,-1.57,-5.21,-7.39
2026-03-25,75.4000015258789,78.88999938964844,75.26000213623047,76.73999786376953,9161400,0.0,0.0,0.0,28.34,29.6,2.62,-0.75,-2.86
2026-03-26,74.62999725341797,74.87000274658203,70.29000091552734,70.4000015258789,7556900,0.0,0.0,0.0,19.13,26.11,-4.18,-7.67,-10.14
2026-03-27,69.19999694824219,70.08999633789062,66.81999969482422,67.26000213623047,9219900,0.0,0.0,0.0,13.66,21.96,-7.24,-10.46,-13.64
2026-03-30,68.2300033569336,68.75,64.61000061035156,65.2699966430664,8735600,0.0,0.0,0.0,10.43,18.12,-7.71,-11.24,-15.34
2026-03-31,66.79000091552734,72.79499816894531,66.73999786376953,72.56999969482422,11658400,0.0,0.0,0.0,25.53,20.59,3.01,-0.31,-5.49
2026-04-01,73.9000015258789,75.0469970703125,72.87999725341797,73.7300033569336,9911900,0.0,0.0,0.0,38.31,26.5,5.56,1.96,-3.5
2026-04-02,70.54000091552734,75.08000183105469,69.98999786376953,75.01000213623047,7489200,0.0,0.0,0.0,49.82,34.27,5.99,4.01,-1.39
2026-04-06,74.88999938964844,75.31999969482422,73.63999938964844,75.18000030517578,5189200,0.0,0.0,0.0,57.88,42.14,3.91,3.8,-1.07
2026-04-07,73.55999755859375,75.6500015258789,71.83000183105469,75.56999969482422,6743600,0.0,0.0,0.0,64.17,49.49,1.56,4.14,-0.21
2026-04-08,80.99500274658203,81.58999633789062,77.41999816894531,78.94000244140625,8444800,0.0,0.0,0.0,70.91,56.63,4.3,8.04,4.49
2026-04-09,78.66999816894531,80.59500122070312,77.63999938964844,80.45999908447266,5177500,0.0,0.0,0.0,78.39,63.88,4.45,9.56,6.74
2026-04-10,80.83999633789062,85.7300033569336,80.7699966430664,84.61000061035156,9409400,0.0,0.0,0.0,83.83,70.53,7.17,13.02,11.98
2026-04-13,82.19999694824219,85.41000366210938,81.94000244140625,85.05999755859375,7178900,0.0,0.0,0.0,88.04,76.37,5.11,10.99,12.1
2026-04-14,86.62999725341797,91.54000091552734,86.45999908447266,91.52999877929688,8685100,0.0,0.0,0.0,92.01,81.58,8.81,15.47,19.8
2026-04-15,91.62999725341795,95.13999938964844,90.86499786376952,93.73999786376952,8298800,0.0,0.0,0.0,92.82,85.33,7.65,15.18,21.6
2026-04-16,92.47000122070312,94.62000274658205,90.81999969482422,93.16999816894533,6243500,0.0,0.0,0.0,92.4,87.68,3.96,11.81,19.73
2026-04-17,94.61000061035156,96.26499938964844,94.0199966430664,96.25,7576100,0.0,0.0,0.0,94.91,90.09,4.68,12.64,22.17
2026-04-20,94.63500213623048,96.70999908447266,92.5999984741211,96.6500015258789,5256600,0.0,0.0,0.0,96.5,92.23,2.53,10.33,20.79
2026-04-21,96.66999816894533,97.20999908447266,93.66999816894533,94.55999755859376,4474100,0.0,0.0,0.0,93.15,92.54,-0.33,5.66,16.69
2026-04-22,95.62000274658205,96.91000366210938,93.96199798583984,96.83999633789062,4301000,0.0,0.0,0.0,94.69,93.25,1.41,6.08,17.84
2026-04-23,96.86000061035156,98.18000030517578,91.8000030517578,94.25,5765100,0.0,0.0,0.0,88.39,91.63,-1.53,1.71,13.48
2026-04-24,94.41000366210938,104.76000213623048,94.30999755859376,102.22000122070312,11210800,0.0,0.0,0.0,87.63,90.3,5.49,8.25,20.77
2026-04-27,103.62000274658205,110.58999633789062,101.37000274658205,110.44000244140624,10910800,0.0,0.0,0.0,91.5,90.7,10.81,13.9,27.23
2026-04-28,103.0999984741211,108.47000122070312,101.8000030517578,106.91999816894533,9481700,0.0,0.0,0.0,88.15,89.85,4.69,8.54,20.29
2026-04-29,106.3000030517578,106.41000366210938,101.25299835205078,103.0,5339400,0.0,0.0,0.0,78.63,86.11,-0.35,3.59,13.93
2026-04-30,103.51000213623048,103.95999908447266,92.58000183105467,93.4000015258789,12378700,0.0,0.0,0.0,55.26,75.83,-9.49,-6.09,2.2
2026-05-01,94.86000061035156,96.47000122070312,91.0999984741211,92.22000122070312,6898600,0.0,0.0,0.0,38.76,63.47,-8.87,-6.9,-0.03
2026-05-04,93.12999725341795,95.27999877929688,88.79499816894531,92.41000366210938,7154700,0.0,0.0,0.0,31.37,52.77,-5.31,-6.3,-0.75
2026-05-05,92.9499969482422,93.87999725341795,89.95999908447266,90.36000061035156,5899500,0.0,0.0,0.0,23.3,42.95,-4.16,-7.99,-3.72
2026-05-06,93.4000015258789,101.16000366210938,92.36000061035156,100.58000183105467,13210600,0.0,0.0,0.0,33.56,39.82,7.24,2.03,5.95
2026-05-07,101.3000030517578,106.9000015258789,99.45999908447266,104.41000366210938,11991900,0.0,0.0,0.0,46.26,41.96,8.76,4.83,8.61
2026-05-08,106.0,110.41999816894533,105.5999984741211,107.87000274658205,9026000,0.0,0.0,0.0,60.24,48.06,8.82,7.7,10.87
2026-05-11,106.62999725341795,114.9499969482422,106.51000213623048,112.13999938964844,8246700,0.0,0.0,0.0,69.91,55.34,8.8,11.77,13.68
2026-05-12,111.0,116.44000244140624,107.41000366210938,113.52999877929688,8248600,0.0,0.0,0.0,76.43,62.37,5.41,12.41,13.82
2026-05-13,117.61000061035156,120.61000061035156,114.23999786376952,118.66999816894533,11714800,0.0,0.0,0.0,82.26,69.0,6.6,15.71,17.5
2026-05-14,122.6999969482422,129.82000732421875,122.3000030517578,129.0500030517578,12307400,0.0,0.0,0.0,87.54,75.18,11.01,21.6,25.55
2026-05-15,122.25,124.22000122070312,116.29000091552734,117.43000030517578,10652800,0.0,0.0,0.0,81.34,77.23,-0.62,8.09,13.08
2026-05-18,122.01000213623048,122.37000274658205,110.1999969482422,114.33000183105467,11498600,0.0,0.0,0.0,73.77,76.08,-3.6,3.15,9.16
2026-05-19,111.59500122070312,116.46900177001952,109.74600219726562,112.5999984741211,7554400,0.0,0.0,0.0,63.61,71.92,-4.91,-0.41,6.59
2026-05-20,115.0,118.08000183105467,112.37999725341795,115.37000274658205,12675400,0.0,0.0,0.0,55.85,66.57,-2.03,0.72,8.27
2026-05-21,113.9499969482422,119.33000183105467,109.67400360107422,111.19000244140624,13185100,0.0,0.0,0.0,43.93,59.02,-2.62,-3.5,3.52
2026-05-22,112.5,112.5,106.43000030517578,106.79000091552734,10340700,0.0,0.0,0.0,29.8,49.28,-4.7,-7.23,-0.79
2026-05-26,108.11499786376952,109.6500015258789,103.4499969482422,106.30999755859376,9965100,0.0,0.0,0.0,23.48,40.68,-3.75,-7.17,-1.04
2026-05-27,105.6500015258789,105.72000122070312,100.3499984741211,104.08000183105467,8532300,0.0,0.0,0.0,19.87,33.74,-4.29,-8.37,-2.99
2026-05-28,102.88500213623048,106.91000366210938,102.6999969482422,105.72000122070312,6346700,0.0,0.0,0.0,20.75,29.41,-1.03,-5.85,-1.59
2026-05-29,105.91999816894533,109.0999984741211,102.58000183105467,102.72000122070312,10308800,0.0,0.0,0.0,17.42,25.41,-2.29,-6.32,-4.79
2026-06-01,107.02999877929688,115.81999969482422,106.9209976196289,115.37999725341795,13944900,0.0,0.0,0.0,38.01,29.61,7.99,5.42,5.81
2026-06-02,118.11000061035156,123.45999908447266,112.1999969482422,113.6999969482422,12266600,0.0,0.0,0.0,44.6,34.61,4.97,3.94,3.26
2026-06-03,112.58000183105467,113.68399810791016,105.25,105.56999969482422,10283100,0.0,0.0,0.0,37.26,35.49,-2.81,-2.86,-4.78
2026-06-04,104.76000213623048,112.38800048828124,101.97000122070312,109.4499969482422,8420000,0.0,0.0,0.0,37.97,36.32,0.08,1.26,-1.68
2026-06-05,105.2699966430664,105.6500015258789,95.0999984741211,95.91000366210938,9357600,0.0,0.0,0.0,26.26,32.96,-11.2,-10.0,-13.51
2026-06-08,100.5199966430664,100.69000244140624,96.66000366210938,99.1500015258789,5089000,0.0,0.0,0.0,22.27,29.4,-5.35,-6.28,-10.23
2026-06-09,100.97000122070312,101.65499877929688,90.33000183105467,98.58999633789062,8214500,0.0,0.0,0.0,23.16,27.32,-3.09,-6.13,-10.19
2026-06-10,95.0,97.66999816894533,90.79000091552734,91.22000122070312,5213900,0.0,0.0,0.0,16.33,23.66,-7.73,-12.07,-16.05
2026-06-11,92.12000274658205,95.97000122070312,90.4800033569336,95.13999938964844,8395600,0.0,0.0,0.0,15.73,21.01,-0.9,-7.35,-11.49
2026-06-12,95.12999725341795,97.22000122070312,93.83999633789062,95.48999786376952,4523500,0.0,0.0,0.0,15.68,19.23,-0.45,-6.35,-9.75
2026-06-15,98.8499984741211,102.41999816894533,98.38500213623048,102.22000122070312,5827600,0.0,0.0,0.0,27.42,21.96,5.89,1.57,-2.69
2026-06-16,100.9800033569336,101.1999969482422,97.25,97.37999725341795,3772000,0.0,0.0,0.0,28.94,24.29,1.13,-1.65,-6.54
2026-06-17,98.13999938964844,98.97000122070312,93.62000274658205,94.76000213623048,3976100,0.0,0.0,0.0,28.93,25.83,-2.31,-3.24,-8.27
2026-06-18,97.1999969482422,100.8000030517578,96.36000061035156,99.7300033569336,5188500,0.0,0.0,0.0,45.2,32.29,1.85,2.86,-2.73
2026-06-22,33.61000061035156,34.41666793823242,32.43000030517578,32.73666763305664,14962200,0.0,0.0,0.0,30.28,31.62,-61.65,-63.88,-66.8
2026-06-23,30.670000076293945,31.18000030517578,30.01666641235352,30.043333053588867,13976700,0.0,0.0,0.0,20.2,27.81,-57.64,-64.12,-68.3
2026-06-24,30.059999465942383,30.49666786193848,28.976667404174805,29.61666679382324,14433300,0.0,0.0,0.0,13.76,23.13,-48.38,-61.45,-67.43
2026-06-25,30.059999465942383,30.196666717529297,27.663333892822266,28.71666717529297,19843800,0.0,0.0,0.0,9.64,18.63,-34.98,-59.32,-67.05
2026-06-26,27.920000076293945,28.63999938964844,27.3700008392334,27.57999992370605,9208500,0.0,3.0,0.0,6.52,14.6,-7.26,-56.79,-66.87
2026-06-29,28.114999771118164,28.770000457763672,26.950000762939453,28.420000076293945,12714700,0.0,0.0,0.0,5.01,11.4,-1.58,-50.25,-64.27
2026-06-30,29.030000686645508,30.059999465942383,28.459999084472656,29.809999465942383,14249500,0.0,0.0,0.0,4.63,9.14,3.4,-40.24,-60.39
2026-07-01,28.709999084472656,29.80699920654297,27.90999984741211,29.13999938964844,15253700,0.0,0.0,0.0,4.07,7.45,1.42,-32.32,-58.98
2026-07-02,29.0,29.84000015258789,27.59000015258789,28.21999931335449,12742200,0.0,0.0,0.0,8.39,7.76,-1.45,-22.48,-57.98
2026-07-06,28.170000076293945,29.084999084472656,28.049999237060547,28.530000686645508,9608900,0.0,0.0,0.0,18.04,11.19,-1.02,-2.57,-54.8
2026-07-07,27.559999465942383,29.334999084472656,27.21999931335449,28.90999984741211,13749000,0.0,0.0,0.0,30.45,17.61,-0.04,0.04,-51.63
2026-07-08,28.3700008392334,31.295000076293945,28.3700008392334,30.989999771118164,19723300,0.0,0.0,0.0,51.29,28.84,6.28,6.89,-45.02
2026-07-09,31.07999992370605,31.1299991607666,29.43000030517578,30.559999465942383,16770100,0.0,0.0,0.0,61.89,39.85,3.8,5.06,-42.3
2026-07-10,30.309999465942383,33.040000915527344,30.309999465942383,33.029998779296875,17590900,0.0,0.0,0.0,74.54,51.42,8.64,11.89,-34.01
2026-07-13,32.290000915527344,32.89799880981445,30.64999961853028,30.700000762939453,12379500,0.0,0.0,0.0,69.62,57.49,-0.45,2.91,-34.44
2026-07-14,32.099998474121094,33.400001525878906,30.780000686645508,33.16999816894531,16308700,0.0,0.0,0.0,78.51,64.49,4.67,9.45,-24.12
2026-07-15,33.22999954223633,33.79999923706055,31.3700008392334,33.369998931884766,14942800,0.0,0.0,0.0,83.49,70.83,3.74,8.83,-17.14
2026-07-16,32.65999984741211,32.91999816894531,31.290000915527344,31.790000915527344,12761600,0.0,0.0,0.0,78.81,73.49,-1.92,2.79,-14.06
2026-07-17,30.3799991607666,31.51000022888184,28.86000061035156,30.280000686645508,11994900,0.0,0.0,0.0,68.04,71.67,-4.97,-2.74,-10.33
2026-07-20,31.290000915527344,31.809999465942383,30.190000534057617,30.51000022888184,9574800,0.0,0.0,0.0,58.5,67.28,-4.13,-2.62,0.67
2026-07-21,31.75,32.08000183105469,30.69499969482422,31.6200008392334,9221100,0.0,0.0,0.0,57.62,64.06,0.34,0.06,4.53
2026-07-22,31.229999542236328,33.83000183105469,30.950000762939453,33.09000015258789,16268900,0.0,0.0,0.0,66.79,64.97,5.19,4.02,8.84
2026-07-23,32.29999923706055,32.7400016784668,31.229999542236328,32.029998779296875,9592800,0.0,0.0,0.0,65.78,65.24,1.66,0.22,4.94
2026-07-24,31.65999984741211,33.0099983215332,30.854999542236328,31.489999771118164,10952700,0.0,0.0,0.0,61.5,63.99,-0.81,-0.99,2.7
2026-07-27,31.86000061035156,32.04999923706055,28.01000022888184,28.309999465942383,12065200,0.0,0.0,0.0,42.72,56.9,-9.58,-10.31,-7.78
2026-07-28,27.84000015258789,28.950000762939453,27.229999542236328,28.420000076293945,9639400,0.0,0.0,0.0,34.49,49.43,-7.33,-8.59,-7.42
2026-07-29,28.114999771118164,28.459999084472656,26.43199920654297,26.489999771118164,14054000,0.0,0.0,0.0,23.25,40.7,-9.74,-12.87,-13.24
2026-07-30,27.36000061035156,28.43000030517578,26.854999542236328,27.799999237060547,11450200,0.0,0.0,0.0,21.67,34.36,-2.46,-7.35,-8.75
2026-07-31,28.799999237060547,29.770000457763672,27.780000686645508,29.420000076293945,13700100,0.0,0.0,0.0,27.91,32.21,4.74,-1.66,-3.62
2026-08-03,28.5,31.7549991607666,28.29199981689453,31.15999984741211,13361200,0.0,0.0,0.0,39.91,34.77,8.73,3.93,1.64
2026-08-04,32.630001068115234,33.060001373291016,31.86000061035156,32.709999084472656,14050500,0.0,0.0,0.0,58.18,42.58,10.82,8.7,6.04
2026-08-05,34.23500061035156,35.88999938964844,34.11000061035156,34.95000076293945,18399200,0.0,0.0,0.0,68.81,51.32,11.99,15.43,12.58
2026-08-06,35.72999954223633,36.36899948120117,34.34000015258789,34.84000015258789,14580700,0.0,0.0,0.0,74.07,58.9,6.82,14.01,11.46
2026-08-07,35.68000030517578,36.68999862670898,35.400001525878906,36.43000030517578,12173200,0.0,0.0,0.0,81.87,66.56,7.09,17.32,15.91
2026-08-10,36.23500061035156,36.47999954223633,34.09000015258789,34.36000061035156,13734900,0.0,0.0,0.0,80.34,71.15,-0.86,8.53,8.69
2026-08-11,35.78499984741211,35.78499984741211,33.93000030517578,34.310001373291016,11344900,0.0,0.0,0.0,78.83,73.71,-1.91,6.4,8.34
2026-08-12,35.3849983215332,36.709999084472656,35.20000076293945,36.38999938964844,13505200,0.0,0.0,0.0,84.69,77.37,3.19,9.49,14.36
2026-08-13,36.72999954223633,37.38999938964844,36.25,36.790000915527344,12888000,0.0,0.0,0.0,87.6,80.78,3.18,7.77,14.72
2026-08-14,37.21500015258789,37.459999084472656,36.459999084472656,36.709999084472656,8861000,0.0,0.0,0.0,87.27,82.94,2.79,5.29,13.33
2026-08-17,36.95000076293945,37.57500076293945,36.59000015258789,36.66999816894531,10909400,0.0,0.0,0.0,83.23,83.04,1.37,3.54,12.14
2026-08-18,35.099998474121094,35.52000045776367,34.560001373291016,34.91999816894531,9375600,0.0,0.0,0.0,64.54,76.87,-3.79,-2.01,6.25
2026-08-19,35.5099983215332,35.88999938964844,33.970001220703125,34.22999954223633,10810600,0.0,0.0,0.0,45.77,66.51,-4.56,-3.75,3.97
2026-08-20,34.4900016784668,34.91999816894531,33.61000061035156,34.040000915527344,7018000,0.0,0.0,0.0,34.13,55.71,-3.61,-4.07,3.08
2026-08-21,34.400001525878906,34.540000915527344,33.22999954223633,33.290000915527344,7552200,0.0,0.0,0.0,23.21,44.88,-3.87,-5.35,0.54
2026-08-24,33.56999969482422,33.56999969482422,31.01000022888184,31.34000015258789,15830700,0.0,0.0,0.0,17.15,35.64,-6.63,-10.12,-5.78
2026-08-25,32.099998474121094,33.209999084472656,31.809999465942383,32.689998626708984,13925900,0.0,0.0,0.0,19.96,30.41,-1.29,-5.81,-2.35
2026-08-26,32.54999923706055,32.8650016784668,31.530000686645508,31.75,27289500,0.0,0.0,0.0,17.07,25.96,-2.67,-7.28,-5.9
2026-08-27,35.650001525878906,37.93000030517578,35.060001373291016,37.06999969482422,50757200,0.0,0.0,0.0,40.57,30.83,11.56,8.17,8.38
2026-08-28,36.93999862670898,37.560001373291016,33.52000045776367,33.75,24747000,0.0,0.0,0.0,40.24,33.97,1.29,-0.66,-1.95
2026-08-31,34.20000076293945,34.900001525878906,33.31999969482422,34.7599983215332,17728800,0.0,0.0,0.0,44.89,37.61,2.22,2.89,0.46
2026-09-01,33.41999816894531,34.61000061035156,32.95000076293945,33.720001220703125,11176100,0.0,0.0,0.0,42.98,39.4,-1.43,0.17,-2.69
2026-09-02,34.099998474121094,36.91999816894531,33.994998931884766,35.83000183105469,20254500,0.0,0.0,0.0,51.87,43.56,2.3,5.93,3.27
2026-09-03,36.31499862670898,37.720001220703125,35.93000030517578,37.08000183105469,16862900,0.0,0.0,0.0,63.82,50.31,5.86,8.65,6.53
2026-09-04,37.900001525878906,39.119998931884766,37.45500183105469,37.68999862670898,17803700,0.0,0.0,0.0,69.6,56.74,5.23,9.03,8.09
2026-09-08,38.61000061035156,38.77000045776367,35.869998931884766,36.18000030517578,13200600,0.0,0.0,0.0,66.82,60.1,0.22,3.22,3.49
2026-09-09,35.994998931884766,36.290000915527344,35.41999816894531,35.529998779296875,6614200,0.0,0.0,0.0,58.49,59.56,-2.56,0.55,1.45
2026-09-10,34.58000183105469,34.70000076293945,33.5099983215332,33.86000061035156,9648900,0.0,0.0,0.0,43.91,54.34,-6.12,-4.75,-2.97
2026-09-11,34.7599983215332,34.97999954223633,33.78499984741211,33.79999923706055,8854000,0.0,0.0,0.0,33.86,47.52,-4.55,-4.03,-2.72
2026-09-14,31.6200008392334,32.099998474121094,30.93000030517578,31.549999237060547,13255700,0.0,0.0,0.0,25.1,40.04,-7.71,-9.86,-8.52
2026-09-15,32.25,32.40999984741211,31.59000015258789,31.8700008392334,8219200,0.0,0.0,0.0,20.56,33.55,-4.36,-8.18,-6.94
2026-09-16,32.48500061035156,33.255001068115234,31.989999771118164,32.38999938964844,11097600,0.0,0.0,0.0,19.65,28.92,-0.93,-6.33,-5.07
2026-09-17,33.779998779296875,34.20500183105469,33.380001068115234,34.040000915527344,8567400,0.0,0.0,0.0,25.76,27.86,4.0,-1.04,-0.21
2026-09-18,33.95000076293945,35.040000915527344,33.619998931884766,34.869998931884766,8337200,0.0,0.0,0.0,33.92,29.88,5.85,2.02,2.1
2026-09-21,35.11000061035156,36.86000061035156,34.709999084472656,36.5,13111800,0.0,0.0,0.0,53.92,37.9,7.56,7.17,6.37
2026-09-22,36.34999847412109,37.345001220703125,36.2400016784668,36.959999084472656,9591400,0.0,0.0,0.0,67.28,47.69,5.75,8.27,6.84
2026-09-23,36.68999862670898,36.99599838256836,35.40999984741211,35.93000030517578,7055200,0.0,0.0,0.0,70.84,55.41,0.76,5.13,3.38
2026-09-24,34.810001373291016,35.66999816894531,34.4900016784668,35.560001373291016,6671600,0.0,0.0,0.0,71.28,60.7,-1.12,3.53,1.75
2026-09-25,35.7400016784668,36.29999923706055,35.11000061035156,35.720001220703125,5906300,0.0,0.0,0.0,71.44,64.28,-1.15,3.42,2.41
2026-09-28,37.17499923706055,38.27999877929688,36.65999984741211,36.900001525878906,15627900,0.0,0.0,0.0,73.65,67.4,1.89,5.21,5.32
2026-09-29,37.56999969482422,38.15999984741211,36.29999923706055,36.38999938964844,9612400,0.0,0.0,0.0,69.58,68.13,0.8,2.43,3.62
2026-09-30,37.02999877929688,38.0,36.65999984741211,36.709999084472656,8531400,0.0,0.0,0.0,68.49,68.25,1.25,2.09,4.09
2026-10-01,37.15999984741211,37.95000076293945,36.630001068115234,37.52000045776367,9838000,0.0,0.0,0.0,72.31,69.6,2.38,3.34,6.13
2026-10-02,39.154998779296875,39.75,38.380001068115234,38.5,16700100,0.0,0.0,0.0,73.62,70.94,3.48,4.99,8.68
2026-10-05,39.189998626708984,40.48500061035156,38.862998962402344,40.165000915527344,12238200,0.0,0.0,0.0,80.63,74.17,6.1,8.45,12.99
2026-10-06,41.13999938964844,41.59000015258789,40.09000015258789,40.16999816894531,10624700,0.0,0.0,0.0,80.42,76.25,4.03,7.53,12.37
2026-10-07,39.61000061035156,40.130001068115234,39.23500061035156,39.56999969482422,7221200,0.0,0.0,0.0,76.56,76.35,0.98,4.9,10.07
2026-10-08,38.75,39.439998626708984,37.04999923706055,37.279998779296875,9801700,0.0,0.0,0.0,57.21,69.97,-4.74,-1.62,3.21
2026-10-09,38.33000183105469,38.34000015258789,36.78020095825195,36.98609924316406,5152197,0.0,0.0,0.0,42.47,60.8,-4.76,-2.72,1.95
